time,open,high,low,close,volume,close_time
2026-06-19 20:00:00+05:30,7002,7002,7002,7002,0,2026-06-19 21:00:00+05:30
2026-06-22 09:00:00+05:30,7002,7002,7002,7002,0,2026-06-22 10:00:00+05:30
2026-06-22 20:00:00+05:30,6936,6936,6936,6936,0,2026-06-22 21:00:00+05:30
2026-06-22 21:00:00+05:30,6936,6936,6936,6936,0,2026-06-22 22:00:00+05:30
2026-06-22 22:00:00+05:30,6936,6936,6936,6936,0,2026-06-22 23:00:00+05:30
2026-06-22 23:00:00+05:30,6936,6936,6936,6936,0,2026-06-23 00:00:00+05:30
2026-06-23 09:00:00+05:30,6936,6936,6936,6936,0,2026-06-23 10:00:00+05:30
2026-06-24 09:00:00+05:30,6936,6936,6936,6936,0,2026-06-24 10:00:00+05:30
2026-06-24 18:00:00+05:30,6686,6686,6686,6686,0,2026-06-24 19:00:00+05:30
2026-06-24 19:00:00+05:30,6686,6686,6686,6686,0,2026-06-24 20:00:00+05:30
2026-06-24 20:00:00+05:30,6686,6686,6686,6686,0,2026-06-24 21:00:00+05:30
2026-06-24 21:00:00+05:30,6686,6686,6686,6686,0,2026-06-24 22:00:00+05:30
2026-06-24 22:00:00+05:30,6686,6686,6686,6686,0,2026-06-24 23:00:00+05:30
2026-06-24 23:00:00+05:30,6686,6686,6686,6686,0,2026-06-25 00:00:00+05:30
2026-06-25 09:00:00+05:30,6686,6686,6686,6686,0,2026-06-25 10:00:00+05:30
2026-06-25 11:00:00+05:30,6573,6590,6573,6590,2,2026-06-25 12:00:00+05:30
2026-06-25 22:00:00+05:30,6723,6723,6723,6723,1,2026-06-25 23:00:00+05:30
2026-06-26 17:00:00+05:30,6573,6573,6573,6573,0,2026-06-26 18:00:00+05:30
2026-06-26 18:00:00+05:30,6640,6640,6640,6640,0,2026-06-26 19:00:00+05:30
2026-06-26 19:00:00+05:30,6640,6640,6640,6640,0,2026-06-26 20:00:00+05:30
2026-06-26 20:00:00+05:30,6640,6640,6640,6640,0,2026-06-26 21:00:00+05:30
2026-06-26 21:00:00+05:30,6640,6640,6640,6640,0,2026-06-26 22:00:00+05:30
2026-06-26 22:00:00+05:30,6640,6640,6640,6640,0,2026-06-26 23:00:00+05:30
2026-06-26 23:00:00+05:30,6640,6640,6601,6601,1,2026-06-27 00:00:00+05:30
2026-06-29 09:00:00+05:30,6640,6640,6640,6640,0,2026-06-29 10:00:00+05:30
2026-06-29 15:00:00+05:30,6661,6661,6661,6661,0,2026-06-29 16:00:00+05:30
2026-06-29 16:00:00+05:30,6661,6661,6661,6661,0,2026-06-29 17:00:00+05:30
2026-06-29 17:00:00+05:30,6661,6661,6661,6661,0,2026-06-29 18:00:00+05:30
2026-06-29 18:00:00+05:30,6661,6661,6661,6661,0,2026-06-29 19:00:00+05:30
2026-06-29 19:00:00+05:30,6661,6679,6661,6679,1,2026-06-29 20:00:00+05:30
2026-06-30 09:00:00+05:30,6661,6661,6661,6661,0,2026-06-30 10:00:00+05:30
2026-07-01 09:00:00+05:30,6661,6661,6661,6661,0,2026-07-01 10:00:00+05:30
2026-07-02 09:00:00+05:30,6661,6661,6661,6661,0,2026-07-02 10:00:00+05:30
2026-07-02 13:00:00+05:30,6666,6666,6604,6666,0,2026-07-02 14:00:00+05:30
2026-07-02 14:00:00+05:30,6666,6666,6666,6666,0,2026-07-02 15:00:00+05:30
2026-07-02 15:00:00+05:30,6666,6666,6578,6592,2,2026-07-02 16:00:00+05:30
2026-07-02 16:00:00+05:30,6592,6592,6561,6561,2,2026-07-02 17:00:00+05:30
2026-07-02 17:00:00+05:30,6561,6561,6547,6547,1,2026-07-02 18:00:00+05:30
2026-07-02 18:00:00+05:30,6547,6547,6547,6547,0,2026-07-02 19:00:00+05:30
2026-07-02 19:00:00+05:30,6547,6597,6547,6592,2,2026-07-02 20:00:00+05:30
2026-07-02 20:00:00+05:30,6592,6592,6592,6592,0,2026-07-02 21:00:00+05:30
2026-07-02 21:00:00+05:30,6592,6597,6592,6597,1,2026-07-02 22:00:00+05:30
2026-07-02 22:00:00+05:30,6597,6597,6597,6597,0,2026-07-02 23:00:00+05:30
2026-07-02 23:00:00+05:30,6597,6597,6597,6597,0,2026-07-03 00:00:00+05:30
2026-07-03 09:00:00+05:30,6604,6604,6604,6604,0,2026-07-03 10:00:00+05:30
2026-07-06 09:00:00+05:30,6604,6604,6604,6604,0,2026-07-06 10:00:00+05:30
2026-07-06 11:00:00+05:30,6709,6709,6709,6709,0,2026-07-06 12:00:00+05:30
2026-07-06 12:00:00+05:30,6709,6709,6661,6661,1,2026-07-06 13:00:00+05:30
2026-07-06 13:00:00+05:30,6661,6661,6661,6661,0,2026-07-06 14:00:00+05:30
2026-07-06 14:00:00+05:30,6661,6661,6641,6641,1,2026-07-06 15:00:00+05:30
2026-07-06 15:00:00+05:30,6641,6641,6641,6641,0,2026-07-06 16:00:00+05:30
2026-07-06 16:00:00+05:30,6641,6641,6641,6641,0,2026-07-06 17:00:00+05:30
2026-07-06 17:00:00+05:30,6641,6657,6641,6657,1,2026-07-06 18:00:00+05:30
2026-07-06 18:00:00+05:30,6657,6657,6657,6657,0,2026-07-06 19:00:00+05:30
2026-07-06 19:00:00+05:30,6657,6657,6657,6657,0,2026-07-06 20:00:00+05:30
2026-07-06 20:00:00+05:30,6657,6657,6657,6657,0,2026-07-06 21:00:00+05:30
2026-07-06 21:00:00+05:30,6657,6657,6657,6657,0,2026-07-06 22:00:00+05:30
2026-07-06 22:00:00+05:30,6657,6657,6657,6657,0,2026-07-06 23:00:00+05:30
2026-07-06 23:00:00+05:30,6657,6657,6657,6657,0,2026-07-07 00:00:00+05:30
2026-07-07 09:00:00+05:30,6709,6709,6709,6709,0,2026-07-07 10:00:00+05:30
2026-07-07 21:00:00+05:30,6752,6758,6752,6752,0,2026-07-07 22:00:00+05:30
2026-07-07 22:00:00+05:30,6752,6752,6752,6752,0,2026-07-07 23:00:00+05:30
2026-07-07 23:00:00+05:30,6752,6752,6752,6752,0,2026-07-08 00:00:00+05:30
2026-07-08 09:00:00+05:30,6907,6907,6844,6844,0,2026-07-08 10:00:00+05:30
2026-07-08 10:00:00+05:30,6844,6885,6844,6885,1,2026-07-08 11:00:00+05:30
2026-07-08 11:00:00+05:30,6885,6885,6885,6885,0,2026-07-08 12:00:00+05:30
2026-07-08 12:00:00+05:30,6885,6885,6885,6885,0,2026-07-08 13:00:00+05:30
2026-07-08 13:00:00+05:30,6885,6885,6885,6885,0,2026-07-08 14:00:00+05:30
2026-07-08 14:00:00+05:30,6885,6885,6885,6885,0,2026-07-08 15:00:00+05:30
2026-07-08 15:00:00+05:30,6885,6885,6885,6885,0,2026-07-08 16:00:00+05:30
2026-07-08 16:00:00+05:30,6885,6885,6885,6885,0,2026-07-08 17:00:00+05:30
2026-07-08 17:00:00+05:30,6885,6885,6885,6885,0,2026-07-08 18:00:00+05:30
2026-07-08 18:00:00+05:30,6885,6885,6885,6885,0,2026-07-08 19:00:00+05:30
2026-07-08 19:00:00+05:30,6885,6885,6885,6885,0,2026-07-08 20:00:00+05:30
2026-07-08 20:00:00+05:30,6885,6885,6885,6885,0,2026-07-08 21:00:00+05:30
2026-07-08 21:00:00+05:30,6885,6885,6885,6885,0,2026-07-08 22:00:00+05:30
2026-07-08 22:00:00+05:30,6885,6885,6885,6885,0,2026-07-08 23:00:00+05:30
2026-07-08 23:00:00+05:30,6885,6885,6885,6885,0,2026-07-09 00:00:00+05:30
2026-07-09 09:00:00+05:30,6907,6907,6907,6907,0,2026-07-09 10:00:00+05:30
2026-07-09 10:00:00+05:30,7101,7101,7070,7070,2,2026-07-09 11:00:00+05:30
2026-07-09 11:00:00+05:30,7070,7070,7028,7028,1,2026-07-09 12:00:00+05:30
2026-07-09 12:00:00+05:30,7028,7028,7028,7028,0,2026-07-09 13:00:00+05:30
2026-07-09 13:00:00+05:30,7028,7028,7028,7028,0,2026-07-09 14:00:00+05:30
2026-07-09 14:00:00+05:30,7028,7028,7028,7028,0,2026-07-09 15:00:00+05:30
2026-07-09 15:00:00+05:30,7028,7028,7028,7028,0,2026-07-09 16:00:00+05:30
2026-07-09 16:00:00+05:30,7028,7028,7028,7028,0,2026-07-09 17:00:00+05:30
2026-07-09 17:00:00+05:30,7028,7028,7028,7028,0,2026-07-09 18:00:00+05:30
2026-07-09 18:00:00+05:30,7028,7028,7028,7028,0,2026-07-09 19:00:00+05:30
2026-07-09 19:00:00+05:30,7028,7028,7028,7028,0,2026-07-09 20:00:00+05:30
2026-07-09 20:00:00+05:30,7028,7028,6926,6926,1,2026-07-09 21:00:00+05:30
2026-07-09 21:00:00+05:30,6926,6926,6893,6893,1,2026-07-09 22:00:00+05:30
2026-07-09 22:00:00+05:30,6893,6893,6893,6893,1,2026-07-09 23:00:00+05:30
2026-07-09 23:00:00+05:30,6893,6893,6893,6893,0,2026-07-10 00:00:00+05:30
2026-07-10 09:00:00+05:30,7101,7101,7101,7101,0,2026-07-10 10:00:00+05:30
2026-07-13 09:00:00+05:30,7101,7101,7101,7101,0,2026-07-13 10:00:00+05:30
2026-07-14 09:00:00+05:30,7600,7600,7454,7511,12,2026-07-14 10:00:00+05:30
2026-07-14 10:00:00+05:30,7511,7547,7511,7547,6,2026-07-14 11:00:00+05:30
2026-07-14 11:00:00+05:30,7547,7547,7429,7429,4,2026-07-14 12:00:00+05:30
2026-07-14 12:00:00+05:30,7429,7600,7429,7600,1,2026-07-14 13:00:00+05:30
2026-07-14 13:00:00+05:30,7600,7600,7522,7554,7,2026-07-14 14:00:00+05:30
2026-07-14 14:00:00+05:30,7554,7582,7550,7550,3,2026-07-14 15:00:00+05:30
2026-07-14 15:00:00+05:30,7550,7590,7550,7590,4,2026-07-14 16:00:00+05:30
2026-07-14 16:00:00+05:30,7590,7595,7539,7539,17,2026-07-14 17:00:00+05:30
2026-07-14 17:00:00+05:30,7539,7539,7539,7539,0,2026-07-14 18:00:00+05:30
2026-07-14 18:00:00+05:30,7539,7539,7464,7464,13,2026-07-14 19:00:00+05:30
2026-07-14 19:00:00+05:30,7464,7486,7464,7468,2,2026-07-14 20:00:00+05:30
2026-07-14 20:00:00+05:30,7468,7468,7360,7360,6,2026-07-14 21:00:00+05:30
2026-07-14 21:00:00+05:30,7360,7442,7360,7442,1,2026-07-14 22:00:00+05:30
2026-07-14 22:00:00+05:30,7442,7442,7442,7442,0,2026-07-14 23:00:00+05:30
2026-07-14 23:00:00+05:30,7442,7442,7440,7440,2,2026-07-15 00:00:00+05:30
2026-07-15 09:00:00+05:30,7472,7472,7472,7472,0,2026-07-15 10:00:00+05:30
2026-07-15 10:00:00+05:30,7472,7472,7472,7472,0,2026-07-15 11:00:00+05:30
2026-07-15 11:00:00+05:30,7472,7472,7472,7472,0,2026-07-15 12:00:00+05:30
2026-07-15 12:00:00+05:30,7472,7510,7472,7510,1,2026-07-15 13:00:00+05:30
2026-07-15 13:00:00+05:30,7510,7510,7510,7510,0,2026-07-15 14:00:00+05:30
2026-07-15 14:00:00+05:30,7510,7510,7510,7510,0,2026-07-15 15:00:00+05:30
2026-07-15 15:00:00+05:30,7510,7510,7510,7510,2,2026-07-15 16:00:00+05:30
2026-07-15 16:00:00+05:30,7510,7555,7510,7555,12,2026-07-15 17:00:00+05:30
2026-07-15 17:00:00+05:30,7555,7555,7504,7504,1,2026-07-15 18:00:00+05:30
2026-07-15 18:00:00+05:30,7504,7528,7504,7528,1,2026-07-15 19:00:00+05:30
2026-07-15 19:00:00+05:30,7528,7576,7528,7576,1,2026-07-15 20:00:00+05:30
2026-07-15 20:00:00+05:30,7576,7576,7459,7459,2,2026-07-15 21:00:00+05:30
2026-07-15 21:00:00+05:30,7459,7459,7442,7442,1,2026-07-15 22:00:00+05:30
2026-07-15 22:00:00+05:30,7442,7520,7442,7520,2,2026-07-15 23:00:00+05:30
2026-07-15 23:00:00+05:30,7520,7520,7482,7500,2,2026-07-16 00:00:00+05:30
2026-07-16 09:00:00+05:30,7472,7472,7472,7472,0,2026-07-16 10:00:00+05:30
2026-07-16 12:00:00+05:30,7485,7501,7485,7501,1,2026-07-16 13:00:00+05:30
2026-07-16 13:00:00+05:30,7501,7501,7501,7501,0,2026-07-16 14:00:00+05:30
2026-07-16 14:00:00+05:30,7501,7501,7501,7501,1,2026-07-16 15:00:00+05:30
2026-07-16 15:00:00+05:30,7501,7501,7501,7501,0,2026-07-16 16:00:00+05:30
2026-07-16 16:00:00+05:30,7501,7501,7501,7501,0,2026-07-16 17:00:00+05:30
2026-07-16 17:00:00+05:30,7501,7600,7501,7600,1,2026-07-16 18:00:00+05:30
2026-07-16 18:00:00+05:30,7600,7640,7600,7600,3,2026-07-16 19:00:00+05:30
2026-07-16 19:00:00+05:30,7600,7600,7600,7600,1,2026-07-16 20:00:00+05:30
2026-07-16 20:00:00+05:30,7600,7600,7550,7550,1,2026-07-16 21:00:00+05:30
2026-07-16 21:00:00+05:30,7550,7556,7550,7556,2,2026-07-16 22:00:00+05:30
2026-07-16 22:00:00+05:30,7556,7556,7556,7556,0,2026-07-16 23:00:00+05:30
2026-07-16 23:00:00+05:30,7556,7556,7556,7556,0,2026-07-17 00:00:00+05:30
2026-07-17 09:00:00+05:30,7485,7485,7485,7485,0,2026-07-17 10:00:00+05:30
2026-07-17 11:00:00+05:30,7537,7537,7474,7493,2,2026-07-17 12:00:00+05:30
2026-07-17 12:00:00+05:30,7493,7524,7493,7524,2,2026-07-17 13:00:00+05:30
2026-07-17 13:00:00+05:30,7524,7524,7524,7524,0,2026-07-17 14:00:00+05:30
2026-07-17 14:00:00+05:30,7524,7524,7524,7524,0,2026-07-17 15:00:00+05:30
2026-07-17 15:00:00+05:30,7524,7524,7524,7524,0,2026-07-17 16:00:00+05:30
2026-07-17 16:00:00+05:30,7524,7592,7524,7554,7,2026-07-17 17:00:00+05:30
2026-07-17 17:00:00+05:30,7554,7554,7554,7554,0,2026-07-17 18:00:00+05:30
2026-07-17 18:00:00+05:30,7554,7640,7554,7629,5,2026-07-17 19:00:00+05:30
2026-07-17 19:00:00+05:30,7629,7666,7628,7666,5,2026-07-17 20:00:00+05:30
2026-07-17 20:00:00+05:30,7666,7666,7598,7606,3,2026-07-17 21:00:00+05:30
2026-07-17 21:00:00+05:30,7606,7606,7606,7606,0,2026-07-17 22:00:00+05:30
2026-07-17 22:00:00+05:30,7606,7714,7606,7714,2,2026-07-17 23:00:00+05:30
2026-07-17 23:00:00+05:30,7714,7794,7710,7794,10,2026-07-18 00:00:00+05:30
2026-07-20 09:00:00+05:30,7832,7885,7832,7865,29,2026-07-20 10:00:00+05:30
2026-07-20 10:00:00+05:30,7865,7865,7850,7850,4,2026-07-20 11:00:00+05:30
2026-07-20 11:00:00+05:30,7850,7861,7838,7861,22,2026-07-20 12:00:00+05:30
2026-07-20 12:00:00+05:30,7861,7861,7830,7831,10,2026-07-20 13:00:00+05:30
2026-07-20 13:00:00+05:30,7831,7831,7705,7706,21,2026-07-20 14:00:00+05:30
2026-07-20 14:00:00+05:30,7706,7706,7678,7678,4,2026-07-20 15:00:00+05:30
2026-07-20 15:00:00+05:30,7678,7678,7670,7678,5,2026-07-20 16:00:00+05:30
2026-07-20 16:00:00+05:30,7678,7726,7678,7726,6,2026-07-20 17:00:00+05:30
2026-07-20 17:00:00+05:30,7726,7726,7586,7717,11,2026-07-20 18:00:00+05:30
2026-07-20 18:00:00+05:30,7717,7731,7703,7703,9,2026-07-20 19:00:00+05:30
2026-07-20 19:00:00+05:30,7703,7703,7703,7703,0,2026-07-20 20:00:00+05:30
2026-07-20 20:00:00+05:30,7703,7710,7677,7677,4,2026-07-20 21:00:00+05:30
2026-07-20 21:00:00+05:30,7677,7677,7677,7677,0,2026-07-20 22:00:00+05:30
2026-07-20 22:00:00+05:30,7677,7777,7677,7750,7,2026-07-20 23:00:00+05:30
2026-07-20 23:00:00+05:30,7750,7765,7726,7765,10,2026-07-21 00:00:00+05:30
2026-07-21 09:00:00+05:30,7832,7832,7720,7724,3,2026-07-21 10:00:00+05:30
2026-07-21 10:00:00+05:30,7724,7724,7724,7724,0,2026-07-21 11:00:00+05:30
2026-07-21 11:00:00+05:30,7724,7724,7723,7723,1,2026-07-21 12:00:00+05:30
2026-07-21 12:00:00+05:30,7723,7768,7723,7768,5,2026-07-21 13:00:00+05:30
2026-07-21 13:00:00+05:30,7768,7768,7700,7722,16,2026-07-21 14:00:00+05:30
2026-07-21 14:00:00+05:30,7722,7767,7703,7767,15,2026-07-21 15:00:00+05:30
2026-07-21 15:00:00+05:30,7767,7800,7727,7776,8,2026-07-21 16:00:00+05:30
2026-07-21 16:00:00+05:30,7776,7806,7776,7800,9,2026-07-21 17:00:00+05:30
2026-07-21 17:00:00+05:30,7800,7837,7789,7832,14,2026-07-21 18:00:00+05:30
2026-07-21 18:00:00+05:30,7832,7851,7810,7840,12,2026-07-21 19:00:00+05:30
2026-07-21 19:00:00+05:30,7840,7874,7840,7846,15,2026-07-21 20:00:00+05:30
2026-07-21 20:00:00+05:30,7846,7870,7800,7850,23,2026-07-21 21:00:00+05:30
2026-07-21 21:00:00+05:30,7850,7855,7833,7833,4,2026-07-21 22:00:00+05:30
2026-07-21 22:00:00+05:30,7833,7844,7825,7825,10,2026-07-21 23:00:00+05:30
2026-07-21 23:00:00+05:30,7825,7835,7813,7823,14,2026-07-22 00:00:00+05:30
2026-07-22 09:00:00+05:30,7853,7894,7841,7851,32,2026-07-22 10:00:00+05:30
2026-07-22 10:00:00+05:30,7851,7875,7851,7875,4,2026-07-22 11:00:00+05:30
2026-07-22 11:00:00+05:30,7875,7900,7855,7900,29,2026-07-22 12:00:00+05:30
2026-07-22 12:00:00+05:30,7900,7933,7893,7933,52,2026-07-22 13:00:00+05:30
2026-07-22 13:00:00+05:30,7933,8010,7933,7945,88,2026-07-22 14:00:00+05:30
2026-07-22 14:00:00+05:30,7945,7950,7903,7919,52,2026-07-22 15:00:00+05:30
2026-07-22 15:00:00+05:30,7919,7953,7900,7902,75,2026-07-22 16:00:00+05:30
2026-07-22 16:00:00+05:30,7902,7917,7900,7900,2,2026-07-22 17:00:00+05:30
2026-07-22 17:00:00+05:30,7900,7980,7900,7904,34,2026-07-22 18:00:00+05:30
2026-07-22 18:00:00+05:30,7904,7968,7862,7885,37,2026-07-22 19:00:00+05:30
2026-07-22 19:00:00+05:30,7885,7925,7885,7920,13,2026-07-22 20:00:00+05:30
2026-07-22 20:00:00+05:30,7920,7931,7877,7900,14,2026-07-22 21:00:00+05:30
2026-07-22 21:00:00+05:30,7900,7900,7860,7890,15,2026-07-22 22:00:00+05:30
2026-07-22 22:00:00+05:30,7890,7913,7881,7910,19,2026-07-22 23:00:00+05:30
2026-07-22 23:00:00+05:30,7910,7925,7910,7910,14,2026-07-23 00:00:00+05:30
2026-07-23 09:00:00+05:30,8041,8041,7975,7980,38,2026-07-23 10:00:00+05:30
2026-07-23 10:00:00+05:30,7980,7990,7973,7985,4,2026-07-23 11:00:00+05:30
2026-07-23 11:00:00+05:30,7985,7990,7950,7990,10,2026-07-23 12:00:00+05:30
2026-07-23 12:00:00+05:30,7990,8044,7982,8015,67,2026-07-23 13:00:00+05:30
2026-07-23 13:00:00+05:30,8015,8050,8010,8030,23,2026-07-23 14:00:00+05:30
2026-07-23 14:00:00+05:30,8030,8071,8020,8059,13,2026-07-23 15:00:00+05:30
2026-07-23 15:00:00+05:30,8059,8084,8028,8084,21,2026-07-23 16:00:00+05:30
2026-07-23 16:00:00+05:30,8084,8084,8040,8053,10,2026-07-23 17:00:00+05:30
2026-07-23 17:00:00+05:30,8053,8093,8040,8088,23,2026-07-23 18:00:00+05:30
2026-07-23 18:00:00+05:30,8088,8120,8060,8118,31,2026-07-23 19:00:00+05:30
2026-07-23 19:00:00+05:30,8118,8174,8076,8167,50,2026-07-23 20:00:00+05:30
2026-07-23 20:00:00+05:30,8167,8200,8140,8179,105,2026-07-23 21:00:00+05:30
2026-07-23 21:00:00+05:30,8179,8180,8151,8179,55,2026-07-23 22:00:00+05:30
2026-07-23 22:00:00+05:30,8179,8210,8179,8210,24,2026-07-23 23:00:00+05:30
2026-07-23 23:00:00+05:30,8210,8252,8202,8241,67,2026-07-24 00:00:00+05:30
2026-07-24 09:00:00+05:30,8128,8155,8071,8090,117,2026-07-24 10:00:00+05:30
2026-07-24 10:00:00+05:30,8090,8103,8075,8096,35,2026-07-24 11:00:00+05:30
2026-07-24 11:00:00+05:30,8096,8098,8044,8061,41,2026-07-24 12:00:00+05:30
2026-07-24 12:00:00+05:30,8061,8061,7999,7999,40,2026-07-24 13:00:00+05:30
2026-07-24 13:00:00+05:30,7999,8035,7987,7987,42,2026-07-24 14:00:00+05:30
2026-07-24 14:00:00+05:30,7987,7992,7906,7934,39,2026-07-24 15:00:00+05:30
2026-07-24 15:00:00+05:30,7934,8006,7934,7964,35,2026-07-24 16:00:00+05:30
2026-07-24 16:00:00+05:30,7964,8052,7964,7990,44,2026-07-24 17:00:00+05:30
2026-07-24 17:00:00+05:30,7990,8021,7930,7992,55,2026-07-24 18:00:00+05:30
2026-07-24 18:00:00+05:30,7992,8001,7976,8001,4,2026-07-24 19:00:00+05:30
2026-07-24 19:00:00+05:30,8001,8010,7980,7980,35,2026-07-24 20:00:00+05:30
2026-07-24 20:00:00+05:30,7979,8000,7905,7905,69,2026-07-24 21:00:00+05:30
2026-07-24 21:00:00+05:30,7905,7950,7896,7950,84,2026-07-24 22:00:00+05:30
2026-07-24 22:00:00+05:30,7950,7954,7930,7930,5,2026-07-24 23:00:00+05:30
2026-07-24 23:00:00+05:30,7930,7976,7930,7976,8,2026-07-25 00:00:00+05:30
2026-07-27 09:00:00+05:30,7642,7739,7582,7710,100,2026-07-27 10:00:00+05:30
2026-07-27 10:00:00+05:30,7710,7710,7680,7680,30,2026-07-27 11:00:00+05:30
2026-07-27 11:00:00+05:30,7680,7680,7580,7600,48,2026-07-27 12:00:00+05:30
2026-07-27 12:00:00+05:30,7600,7618,7579,7615,41,2026-07-27 13:00:00+05:30
2026-07-27 13:00:00+05:30,7615,7675,7590,7590,42,2026-07-27 14:00:00+05:30
2026-07-27 14:00:00+05:30,7590,7593,7500,7510,121,2026-07-27 15:00:00+05:30
2026-07-27 15:00:00+05:30,7510,7591,7495,7561,84,2026-07-27 16:00:00+05:30
2026-07-27 16:00:00+05:30,7561,7604,7547,7604,36,2026-07-27 17:00:00+05:30
2026-07-27 17:00:00+05:30,7604,7655,7570,7655,26,2026-07-27 18:00:00+05:30
2026-07-27 18:00:00+05:30,7655,7680,7620,7667,28,2026-07-27 19:00:00+05:30
2026-07-27 19:00:00+05:30,7667,7667,7598,7613,14,2026-07-27 20:00:00+05:30
2026-07-27 20:00:00+05:30,7613,7616,7588,7590,13,2026-07-27 21:00:00+05:30
2026-07-27 21:00:00+05:30,7590,7615,7556,7564,37,2026-07-27 22:00:00+05:30
2026-07-27 22:00:00+05:30,7564,7573,7534,7548,8,2026-07-27 23:00:00+05:30
2026-07-27 23:00:00+05:30,7548,7574,7548,7568,29,2026-07-28 00:00:00+05:30
2026-07-28 09:00:00+05:30,7452,7536,7451,7520,32,2026-07-28 10:00:00+05:30
2026-07-28 10:00:00+05:30,7520,7531,7504,7504,7,2026-07-28 11:00:00+05:30
2026-07-28 11:00:00+05:30,7504,7572,7504,7546,11,2026-07-28 12:00:00+05:30
2026-07-28 12:00:00+05:30,7546,7546,7440,7470,68,2026-07-28 13:00:00+05:30
2026-07-28 13:00:00+05:30,7470,7475,7424,7424,18,2026-07-28 14:00:00+05:30
2026-07-28 14:00:00+05:30,7440,7475,7393,7416,42,2026-07-28 15:00:00+05:30
2026-07-28 15:00:00+05:30,7416,7469,7416,7469,9,2026-07-28 16:00:00+05:30
2026-07-28 16:00:00+05:30,7469,7499,7435,7439,33,2026-07-28 17:00:00+05:30
2026-07-28 17:00:00+05:30,7439,7532,7439,7498,27,2026-07-28 18:00:00+05:30
2026-07-28 18:00:00+05:30,7498,7498,7448,7488,21,2026-07-28 19:00:00+05:30
2026-07-28 19:00:00+05:30,7488,7499,7446,7485,18,2026-07-28 20:00:00+05:30
2026-07-28 20:00:00+05:30,7485,7485,7314,7330,79,2026-07-28 21:00:00+05:30
2026-07-28 21:00:00+05:30,7330,7334,7246,7255,99,2026-07-28 22:00:00+05:30
2026-07-28 22:00:00+05:30,7255,7302,7230,7285,100,2026-07-28 23:00:00+05:30
2026-07-28 23:00:00+05:30,7285,7327,7285,7327,35,2026-07-29 00:00:00+05:30
2026-07-29 09:00:00+05:30,7528,7574,7528,7547,76,2026-07-29 10:00:00+05:30
2026-07-29 10:00:00+05:30,7547,7547,7480,7480,39,2026-07-29 11:00:00+05:30
2026-07-29 11:00:00+05:30,7480,7517,7480,7510,5,2026-07-29 12:00:00+05:30
2026-07-29 12:00:00+05:30,7510,7510,7479,7479,5,2026-07-29 13:00:00+05:30
2026-07-29 13:00:00+05:30,7479,7479,7455,7455,3,2026-07-29 14:00:00+05:30
2026-07-29 14:00:00+05:30,7455,7493,7455,7493,3,2026-07-29 15:00:00+05:30
2026-07-29 15:00:00+05:30,7493,7550,7493,7550,58,2026-07-29 16:00:00+05:30
2026-07-29 16:00:00+05:30,7550,7595,7550,7572,47,2026-07-29 17:00:00+05:30
2026-07-29 17:00:00+05:30,7572,7674,7547,7650,123,2026-07-29 18:00:00+05:30
2026-07-29 18:00:00+05:30,7650,7657,7613,7629,41,2026-07-29 19:00:00+05:30
2026-07-29 19:00:00+05:30,7629,7684,7624,7684,31,2026-07-29 20:00:00+05:30
2026-07-29 20:00:00+05:30,7684,7750,7684,7700,79,2026-07-29 21:00:00+05:30
2026-07-29 21:00:00+05:30,7700,7751,7681,7694,78,2026-07-29 22:00:00+05:30
2026-07-29 22:00:00+05:30,7694,7715,7694,7700,16,2026-07-29 23:00:00+05:30
2026-07-29 23:00:00+05:30,7700,7720,7692,7720,47,2026-07-30 00:00:00+05:30
2026-07-30 09:00:00+05:30,7653,7653,7616,7634,14,2026-07-30 10:00:00+05:30
2026-07-30 10:00:00+05:30,7634,7695,7634,7681,45,2026-07-30 11:00:00+05:30
2026-07-30 11:00:00+05:30,7681,7758,7681,7734,167,2026-07-30 12:00:00+05:30
2026-07-30 12:00:00+05:30,7734,7734,7635,7660,57,2026-07-30 13:00:00+05:30
2026-07-30 13:00:00+05:30,7660,7709,7631,7631,44,2026-07-30 14:00:00+05:30
2026-07-30 14:00:00+05:30,7631,7650,7590,7590,59,2026-07-30 15:00:00+05:30
2026-07-30 15:00:00+05:30,7590,7642,7590,7618,5,2026-07-30 16:00:00+05:30
2026-07-30 16:00:00+05:30,7618,7618,7550,7598,30,2026-07-30 17:00:00+05:30
2026-07-30 17:00:00+05:30,7598,7625,7565,7625,8,2026-07-30 18:00:00+05:30
2026-07-30 18:00:00+05:30,7625,7625,7535,7570,35,2026-07-30 19:00:00+05:30
2026-07-30 19:00:00+05:30,7570,7579,7551,7579,12,2026-07-30 20:00:00+05:30
2026-07-30 20:00:00+05:30,7579,7623,7579,7596,5,2026-07-30 21:00:00+05:30
2026-07-30 21:00:00+05:30,7596,7596,7551,7551,7,2026-07-30 22:00:00+05:30
2026-07-30 22:00:00+05:30,7551,7600,7551,7588,10,2026-07-30 23:00:00+05:30
2026-07-30 23:00:00+05:30,7588,7625,7570,7603,19,2026-07-31 00:00:00+05:30
2026-07-31 09:00:00+05:30,7490,7500,7463,7475,70,2026-07-31 10:00:00+05:30
2026-07-31 10:00:00+05:30,7475,7475,7418,7418,53,2026-07-31 11:00:00+05:30
2026-07-31 11:00:00+05:30,7418,7465,7400,7465,50,2026-07-31 12:00:00+05:30
2026-07-31 12:00:00+05:30,7465,7500,7439,7500,33,2026-07-31 13:00:00+05:30
2026-07-31 13:00:00+05:30,7500,7502,7451,7490,16,2026-07-31 14:00:00+05:30
2026-07-31 14:00:00+05:30,7490,7537,7490,7518,27,2026-07-31 15:00:00+05:30
2026-07-31 15:00:00+05:30,7518,7598,7518,7581,36,2026-07-31 16:00:00+05:30
2026-07-31 16:00:00+05:30,7581,7640,7575,7630,59,2026-07-31 17:00:00+05:30
2026-07-31 17:00:00+05:30,7630,7649,7620,7649,47,2026-07-31 18:00:00+05:30
2026-07-31 18:00:00+05:30,7649,7731,7626,7668,71,2026-07-31 19:00:00+05:30
2026-07-31 19:00:00+05:30,7668,7698,7630,7630,27,2026-07-31 20:00:00+05:30
2026-07-31 20:00:00+05:30,7630,7685,7630,7645,19,2026-07-31 21:00:00+05:30
2026-07-31 21:00:00+05:30,7645,7645,7572,7605,38,2026-07-31 22:00:00+05:30
2026-07-31 22:00:00+05:30,7605,7628,7600,7600,19,2026-07-31 23:00:00+05:30
2026-07-31 23:00:00+05:30,7600,7628,7600,7618,13,2026-08-01 00:00:00+05:30
2026-08-03 09:00:00+05:30,7312,7329,7285,7286,131,2026-08-03 10:00:00+05:30
2026-08-03 10:00:00+05:30,7286,7295,7264,7271,47,2026-08-03 11:00:00+05:30
2026-08-03 11:00:00+05:30,7271,7309,7270,7281,23,2026-08-03 12:00:00+05:30
2026-08-03 12:00:00+05:30,7281,7366,7250,7302,93,2026-08-03 13:00:00+05:30
2026-08-03 13:00:00+05:30,7310,7340,7290,7320,28,2026-08-03 14:00:00+05:30
2026-08-03 14:00:00+05:30,7320,7380,7315,7322,28,2026-08-03 15:00:00+05:30
2026-08-03 15:00:00+05:30,7322,7343,7300,7333,17,2026-08-03 16:00:00+05:30
2026-08-03 16:00:00+05:30,7333,7333,7308,7326,14,2026-08-03 17:00:00+05:30
2026-08-03 17:00:00+05:30,7326,7332,7270,7289,41,2026-08-03 18:00:00+05:30
2026-08-03 18:00:00+05:30,7289,7299,7246,7299,69,2026-08-03 19:00:00+05:30
2026-08-03 19:00:00+05:30,7299,7299,7235,7271,50,2026-08-03 20:00:00+05:30
2026-08-03 20:00:00+05:30,7271,7340,7271,7340,63,2026-08-03 21:00:00+05:30
2026-08-03 21:00:00+05:30,7340,7340,7273,7273,24,2026-08-03 22:00:00+05:30
2026-08-03 22:00:00+05:30,7273,7315,7273,7304,33,2026-08-03 23:00:00+05:30
2026-08-03 23:00:00+05:30,7304,7306,7282,7285,61,2026-08-04 00:00:00+05:30
2026-08-04 09:00:00+05:30,7364,7394,7364,7369,58,2026-08-04 10:00:00+05:30
2026-08-04 10:00:00+05:30,7369,7395,7369,7393,12,2026-08-04 11:00:00+05:30
2026-08-04 11:00:00+05:30,7393,7402,7370,7370,19,2026-08-04 12:00:00+05:30
2026-08-04 12:00:00+05:30,7370,7385,7326,7385,30,2026-08-04 13:00:00+05:30
2026-08-04 13:00:00+05:30,7385,7390,7354,7390,23,2026-08-04 14:00:00+05:30
2026-08-04 14:00:00+05:30,7390,7472,7390,7471,75,2026-08-04 15:00:00+05:30
2026-08-04 15:00:00+05:30,7471,7480,7441,7471,38,2026-08-04 16:00:00+05:30
2026-08-04 16:00:00+05:30,7471,7471,7315,7324,77,2026-08-04 17:00:00+05:30
2026-08-04 17:00:00+05:30,7324,7333,7111,7194,300,2026-08-04 18:00:00+05:30
2026-08-04 18:00:00+05:30,7194,7194,7081,7081,161,2026-08-04 19:00:00+05:30
2026-08-04 19:00:00+05:30,7081,7099,7028,7071,126,2026-08-04 20:00:00+05:30
2026-08-04 20:00:00+05:30,7071,7121,7070,7111,67,2026-08-04 21:00:00+05:30
2026-08-04 21:00:00+05:30,7111,7111,6999,7030,139,2026-08-04 22:00:00+05:30
2026-08-04 22:00:00+05:30,7030,7060,7002,7027,71,2026-08-04 23:00:00+05:30
2026-08-04 23:00:00+05:30,7027,7039,7007,7035,36,2026-08-05 00:00:00+05:30
2026-08-05 09:00:00+05:30,6944,6981,6934,6965,97,2026-08-05 10:00:00+05:30
2026-08-05 10:00:00+05:30,6965,7016,6965,7003,23,2026-08-05 11:00:00+05:30
2026-08-05 11:00:00+05:30,7003,7029,6970,7011,33,2026-08-05 12:00:00+05:30
2026-08-05 12:00:00+05:30,7011,7083,6996,7075,56,2026-08-05 13:00:00+05:30
2026-08-05 13:00:00+05:30,7075,7104,7053,7093,71,2026-08-05 14:00:00+05:30
2026-08-05 14:00:00+05:30,7093,7120,7071,7106,40,2026-08-05 15:00:00+05:30
2026-08-05 15:00:00+05:30,7106,7130,7106,7127,31,2026-08-05 16:00:00+05:30
2026-08-05 16:00:00+05:30,7127,7127,7070,7070,25,2026-08-05 17:00:00+05:30
2026-08-05 17:00:00+05:30,7070,7089,7047,7089,19,2026-08-05 18:00:00+05:30
2026-08-05 18:00:00+05:30,7089,7100,7060,7060,21,2026-08-05 19:00:00+05:30
2026-08-05 19:00:00+05:30,7060,7061,6977,6977,94,2026-08-05 20:00:00+05:30
2026-08-05 20:00:00+05:30,6977,7036,6955,6973,89,2026-08-05 21:00:00+05:30
2026-08-05 21:00:00+05:30,6973,7035,6973,7029,26,2026-08-05 22:00:00+05:30
2026-08-05 22:00:00+05:30,7029,7030,6955,6955,108,2026-08-05 23:00:00+05:30
2026-08-05 23:00:00+05:30,6955,6980,6955,6967,30,2026-08-06 00:00:00+05:30
2026-08-06 09:00:00+05:30,7001,7001,6980,6985,39,2026-08-06 10:00:00+05:30
2026-08-06 10:00:00+05:30,6985,7005,6981,6987,16,2026-08-06 11:00:00+05:30
2026-08-06 11:00:00+05:30,6980,7050,6980,7039,50,2026-08-06 12:00:00+05:30
2026-08-06 12:00:00+05:30,7039,7063,7030,7030,15,2026-08-06 13:00:00+05:30
2026-08-06 13:00:00+05:30,7030,7066,7021,7021,36,2026-08-06 14:00:00+05:30
2026-08-06 14:00:00+05:30,7021,7045,7005,7045,13,2026-08-06 15:00:00+05:30
2026-08-06 15:00:00+05:30,7045,7075,7015,7065,19,2026-08-06 16:00:00+05:30
2026-08-06 16:00:00+05:30,7065,7080,7065,7077,35,2026-08-06 17:00:00+05:30
2026-08-06 17:00:00+05:30,7077,7098,7059,7091,63,2026-08-06 18:00:00+05:30
2026-08-06 18:00:00+05:30,7091,7133,7077,7097,89,2026-08-06 19:00:00+05:30
2026-08-06 19:00:00+05:30,7097,7120,7085,7120,29,2026-08-06 20:00:00+05:30
2026-08-06 20:00:00+05:30,7120,7164,7120,7147,54,2026-08-06 21:00:00+05:30
2026-08-06 21:00:00+05:30,7147,7245,7140,7222,89,2026-08-06 22:00:00+05:30
2026-08-06 22:00:00+05:30,7222,7240,7206,7207,53,2026-08-06 23:00:00+05:30
2026-08-06 23:00:00+05:30,7207,7219,7190,7219,57,2026-08-07 00:00:00+05:30
2026-08-07 09:00:00+05:30,7249,7314,7249,7314,107,2026-08-07 10:00:00+05:30
2026-08-07 10:00:00+05:30,7314,7314,7271,7277,27,2026-08-07 11:00:00+05:30
2026-08-07 11:00:00+05:30,7277,7285,7213,7213,31,2026-08-07 12:00:00+05:30
2026-08-07 12:00:00+05:30,7213,7271,7213,7224,28,2026-08-07 13:00:00+05:30
2026-08-07 13:00:00+05:30,7224,7253,7211,7241,36,2026-08-07 14:00:00+05:30
2026-08-07 14:00:00+05:30,7241,7241,7200,7206,11,2026-08-07 15:00:00+05:30
2026-08-07 15:00:00+05:30,7206,7206,7165,7189,34,2026-08-07 16:00:00+05:30
2026-08-07 16:00:00+05:30,7189,7189,7143,7164,29,2026-08-07 17:00:00+05:30
2026-08-07 17:00:00+05:30,7164,7188,7133,7188,33,2026-08-07 18:00:00+05:30
2026-08-07 18:00:00+05:30,7188,7188,7117,7150,54,2026-08-07 19:00:00+05:30
2026-08-07 19:00:00+05:30,7150,7230,7150,7206,39,2026-08-07 20:00:00+05:30
2026-08-07 20:00:00+05:30,7206,7281,7195,7280,53,2026-08-07 21:00:00+05:30
2026-08-07 21:00:00+05:30,7280,7299,7270,7295,44,2026-08-07 22:00:00+05:30
2026-08-07 22:00:00+05:30,7295,7295,7265,7265,32,2026-08-07 23:00:00+05:30
2026-08-07 23:00:00+05:30,7265,7280,7255,7260,26,2026-08-08 00:00:00+05:30
2026-08-10 09:00:00+05:30,7328,7353,7318,7339,46,2026-08-10 10:00:00+05:30
2026-08-10 10:00:00+05:30,7339,7342,7310,7322,21,2026-08-10 11:00:00+05:30
2026-08-10 11:00:00+05:30,7322,7322,7267,7288,23,2026-08-10 12:00:00+05:30
2026-08-10 12:00:00+05:30,7288,7335,7268,7282,22,2026-08-10 13:00:00+05:30
2026-08-10 13:00:00+05:30,7282,7337,7271,7337,47,2026-08-10 14:00:00+05:30
2026-08-10 14:00:00+05:30,7337,7390,7337,7344,71,2026-08-10 15:00:00+05:30
2026-08-10 15:00:00+05:30,7344,7375,7342,7350,35,2026-08-10 16:00:00+05:30
2026-08-10 16:00:00+05:30,7350,7408,7350,7373,59,2026-08-10 17:00:00+05:30
2026-08-10 17:00:00+05:30,7373,7403,7373,7389,10,2026-08-10 18:00:00+05:30
2026-08-10 18:00:00+05:30,7389,7430,7389,7430,61,2026-08-10 19:00:00+05:30
2026-08-10 19:00:00+05:30,7430,7535,7430,7505,131,2026-08-10 20:00:00+05:30
2026-08-10 20:00:00+05:30,7505,7575,7501,7575,74,2026-08-10 21:00:00+05:30
2026-08-10 21:00:00+05:30,7575,7591,7553,7588,68,2026-08-10 22:00:00+05:30
2026-08-10 22:00:00+05:30,7588,7623,7580,7621,76,2026-08-10 23:00:00+05:30
2026-08-10 23:00:00+05:30,7621,7650,7612,7642,60,2026-08-11 00:00:00+05:30
2026-08-11 09:00:00+05:30,7652,7665,7642,7645,48,2026-08-11 10:00:00+05:30
2026-08-11 10:00:00+05:30,7645,7699,7640,7687,56,2026-08-11 11:00:00+05:30
2026-08-11 11:00:00+05:30,7687,7710,7671,7710,37,2026-08-11 12:00:00+05:30
2026-08-11 12:00:00+05:30,7711,7795,7711,7790,172,2026-08-11 13:00:00+05:30
2026-08-11 13:00:00+05:30,7790,7833,7777,7813,115,2026-08-11 14:00:00+05:30
2026-08-11 14:00:00+05:30,7813,7835,7803,7808,43,2026-08-11 15:00:00+05:30
2026-08-11 15:00:00+05:30,7808,7812,7724,7735,71,2026-08-11 16:00:00+05:30
2026-08-11 16:00:00+05:30,7735,7760,7589,7648,115,2026-08-11 17:00:00+05:30
2026-08-11 17:00:00+05:30,7648,7670,7601,7666,73,2026-08-11 18:00:00+05:30
2026-08-11 18:00:00+05:30,7666,7668,7575,7581,52,2026-08-11 19:00:00+05:30
2026-08-11 19:00:00+05:30,7581,7640,7554,7640,51,2026-08-11 20:00:00+05:30
2026-08-11 20:00:00+05:30,7640,7675,7640,7650,55,2026-08-11 21:00:00+05:30
2026-08-11 21:00:00+05:30,7650,7717,7650,7681,56,2026-08-11 22:00:00+05:30
2026-08-11 22:00:00+05:30,7681,7716,7678,7716,23,2026-08-11 23:00:00+05:30
2026-08-11 23:00:00+05:30,7716,7724,7706,7711,27,2026-08-12 00:00:00+05:30
2026-08-12 09:00:00+05:30,7757,7795,7755,7768,70,2026-08-12 10:00:00+05:30
2026-08-12 10:00:00+05:30,7768,7769,7741,7757,30,2026-08-12 11:00:00+05:30
2026-08-12 11:00:00+05:30,7757,7767,7725,7754,8,2026-08-12 12:00:00+05:30
2026-08-12 12:00:00+05:30,7754,7767,7722,7744,23,2026-08-12 13:00:00+05:30
2026-08-12 13:00:00+05:30,7744,7765,7717,7717,26,2026-08-12 14:00:00+05:30
2026-08-12 14:00:00+05:30,7717,7745,7651,7665,37,2026-08-12 15:00:00+05:30
2026-08-12 15:00:00+05:30,7665,7702,7640,7696,45,2026-08-12 16:00:00+05:30
2026-08-12 16:00:00+05:30,7696,7719,7696,7708,37,2026-08-12 17:00:00+05:30
2026-08-12 17:00:00+05:30,7708,7735,7691,7731,10,2026-08-12 18:00:00+05:30
2026-08-12 18:00:00+05:30,7731,7736,7661,7669,50,2026-08-12 19:00:00+05:30
2026-08-12 19:00:00+05:30,7669,7679,7650,7676,32,2026-08-12 20:00:00+05:30
2026-08-12 20:00:00+05:30,7662,7697,7640,7688,39,2026-08-12 21:00:00+05:30
2026-08-12 21:00:00+05:30,7688,7719,7686,7711,47,2026-08-12 22:00:00+05:30
2026-08-12 22:00:00+05:30,7711,7719,7693,7711,7,2026-08-12 23:00:00+05:30
2026-08-12 23:00:00+05:30,7711,7719,7686,7717,44,2026-08-13 00:00:00+05:30
2026-08-13 09:00:00+05:30,7656,7710,7656,7699,45,2026-08-13 10:00:00+05:30
2026-08-13 10:00:00+05:30,7699,7718,7690,7709,45,2026-08-13 11:00:00+05:30
2026-08-13 11:00:00+05:30,7709,7719,7706,7706,11,2026-08-13 12:00:00+05:30
2026-08-13 12:00:00+05:30,7706,7726,7680,7680,26,2026-08-13 13:00:00+05:30
2026-08-13 13:00:00+05:30,7680,7680,7622,7622,63,2026-08-13 14:00:00+05:30
2026-08-13 14:00:00+05:30,7622,7628,7580,7619,125,2026-08-13 15:00:00+05:30
2026-08-13 15:00:00+05:30,7619,7650,7601,7601,19,2026-08-13 16:00:00+05:30
2026-08-13 16:00:00+05:30,7601,7616,7590,7616,31,2026-08-13 17:00:00+05:30
2026-08-13 17:00:00+05:30,7616,7630,7585,7614,20,2026-08-13 18:00:00+05:30
2026-08-13 18:00:00+05:30,7614,7614,7578,7580,33,2026-08-13 19:00:00+05:30
2026-08-13 19:00:00+05:30,7580,7598,7505,7561,136,2026-08-13 20:00:00+05:30
2026-08-13 20:00:00+05:30,7561,7705,7561,7700,113,2026-08-13 21:00:00+05:30
2026-08-13 21:00:00+05:30,7700,7700,7658,7683,57,2026-08-13 22:00:00+05:30
2026-08-13 22:00:00+05:30,7683,7683,7652,7667,29,2026-08-13 23:00:00+05:30
2026-08-13 23:00:00+05:30,7667,7667,7652,7666,17,2026-08-14 00:00:00+05:30
2026-08-14 09:00:00+05:30,7630,7637,7607,7607,35,2026-08-14 10:00:00+05:30
2026-08-14 10:00:00+05:30,7607,7620,7606,7620,51,2026-08-14 11:00:00+05:30
2026-08-14 11:00:00+05:30,7620,7696,7620,7696,61,2026-08-14 12:00:00+05:30
2026-08-14 12:00:00+05:30,7696,7730,7677,7712,49,2026-08-14 13:00:00+05:30
2026-08-14 13:00:00+05:30,7712,7729,7700,7700,100,2026-08-14 14:00:00+05:30
2026-08-14 14:00:00+05:30,7700,7700,7651,7651,19,2026-08-14 15:00:00+05:30
2026-08-14 15:00:00+05:30,7651,7659,7615,7630,43,2026-08-14 16:00:00+05:30
2026-08-14 16:00:00+05:30,7630,7630,7596,7627,84,2026-08-14 17:00:00+05:30
2026-08-14 17:00:00+05:30,7627,7654,7598,7630,37,2026-08-14 18:00:00+05:30
2026-08-14 18:00:00+05:30,7630,7630,7587,7600,62,2026-08-14 19:00:00+05:30
2026-08-14 19:00:00+05:30,7600,7637,7565,7637,60,2026-08-14 20:00:00+05:30
2026-08-14 20:00:00+05:30,7637,7664,7627,7651,100,2026-08-14 21:00:00+05:30
2026-08-14 21:00:00+05:30,7651,7670,7637,7670,68,2026-08-14 22:00:00+05:30
2026-08-14 22:00:00+05:30,7670,7698,7659,7678,127,2026-08-14 23:00:00+05:30
2026-08-14 23:00:00+05:30,7678,7705,7678,7700,103,2026-08-15 00:00:00+05:30
2026-08-17 09:00:00+05:30,7703,7733,7684,7716,97,2026-08-17 10:00:00+05:30
2026-08-17 10:00:00+05:30,7716,7716,7690,7705,14,2026-08-17 11:00:00+05:30
2026-08-17 11:00:00+05:30,7705,7705,7658,7669,38,2026-08-17 12:00:00+05:30
2026-08-17 12:00:00+05:30,7669,7697,7658,7670,66,2026-08-17 13:00:00+05:30
2026-08-17 13:00:00+05:30,7670,7727,7670,7717,35,2026-08-17 14:00:00+05:30
2026-08-17 14:00:00+05:30,7717,7758,7713,7749,65,2026-08-17 15:00:00+05:30
2026-08-17 15:00:00+05:30,7749,7800,7704,7704,150,2026-08-17 16:00:00+05:30
2026-08-17 16:00:00+05:30,7704,7793,7704,7750,57,2026-08-17 17:00:00+05:30
2026-08-17 17:00:00+05:30,7750,7786,7721,7781,49,2026-08-17 18:00:00+05:30
2026-08-17 18:00:00+05:30,7781,7781,7740,7757,22,2026-08-17 19:00:00+05:30
2026-08-17 19:00:00+05:30,7757,7757,7723,7744,34,2026-08-17 20:00:00+05:30
2026-08-17 20:00:00+05:30,7744,7770,7726,7765,44,2026-08-17 21:00:00+05:30
2026-08-17 21:00:00+05:30,7765,7780,7751,7767,35,2026-08-17 22:00:00+05:30
2026-08-17 22:00:00+05:30,7767,7887,7767,7875,250,2026-08-17 23:00:00+05:30
2026-08-17 23:00:00+05:30,7875,7975,7875,7955,316,2026-08-18 00:00:00+05:30
2026-08-18 09:00:00+05:30,7988,7999,7963,7984,161,2026-08-18 10:00:00+05:30
2026-08-18 10:00:00+05:30,7981,7995,7970,7989,59,2026-08-18 11:00:00+05:30
2026-08-18 11:00:00+05:30,7989,8009,7962,8000,82,2026-08-18 12:00:00+05:30
2026-08-18 12:00:00+05:30,8000,8018,7944,7949,76,2026-08-18 13:00:00+05:30
2026-08-18 13:00:00+05:30,7949,7999,7949,7967,98,2026-08-18 14:00:00+05:30
2026-08-18 14:00:00+05:30,7967,7967,7940,7956,42,2026-08-18 15:00:00+05:30
2026-08-18 15:00:00+05:30,7956,7979,7939,7968,61,2026-08-18 16:00:00+05:30
2026-08-18 16:00:00+05:30,7968,7968,7935,7961,27,2026-08-18 17:00:00+05:30
2026-08-18 17:00:00+05:30,7961,7990,7952,7980,26,2026-08-18 18:00:00+05:30
2026-08-18 18:00:00+05:30,7980,8015,7965,8010,75,2026-08-18 19:00:00+05:30
2026-08-18 19:00:00+05:30,8010,8040,7947,7947,175,2026-08-18 20:00:00+05:30
2026-08-18 20:00:00+05:30,7947,8030,7941,8030,266,2026-08-18 21:00:00+05:30
2026-08-18 21:00:00+05:30,8030,8050,7980,8000,159,2026-08-18 22:00:00+05:30
2026-08-18 22:00:00+05:30,8003,8013,7965,7982,79,2026-08-18 23:00:00+05:30
2026-08-18 23:00:00+05:30,7982,7982,7965,7975,34,2026-08-19 00:00:00+05:30
2026-08-19 09:00:00+05:30,8023,8034,8009,8014,99,2026-08-19 10:00:00+05:30
2026-08-19 10:00:00+05:30,8014,8016,8000,8016,30,2026-08-19 11:00:00+05:30
2026-08-19 11:00:00+05:30,8009,8040,8006,8008,92,2026-08-19 12:00:00+05:30
2026-08-19 12:00:00+05:30,8008,8038,7995,7997,59,2026-08-19 13:00:00+05:30
2026-08-19 13:00:00+05:30,7997,8015,7981,7986,38,2026-08-19 14:00:00+05:30
2026-08-19 14:00:00+05:30,7979,8071,7979,8030,212,2026-08-19 15:00:00+05:30
2026-08-19 15:00:00+05:30,8030,8049,8012,8049,60,2026-08-19 16:00:00+05:30
2026-08-19 16:00:00+05:30,8049,8057,8000,8000,37,2026-08-19 17:00:00+05:30
2026-08-19 17:00:00+05:30,8000,8023,7974,7987,70,2026-08-19 18:00:00+05:30
2026-08-19 18:00:00+05:30,7987,7996,7889,7965,168,2026-08-19 19:00:00+05:30
2026-08-19 19:00:00+05:30,7965,7995,7951,7993,98,2026-08-19 20:00:00+05:30
2026-08-19 20:00:00+05:30,7993,8046,7971,8037,135,2026-08-19 21:00:00+05:30
2026-08-19 21:00:00+05:30,8039,8041,8006,8025,111,2026-08-19 22:00:00+05:30
2026-08-19 22:00:00+05:30,8025,8060,8016,8023,173,2026-08-19 23:00:00+05:30
2026-08-19 23:00:00+05:30,8023,8028,7990,8010,104,2026-08-20 00:00:00+05:30
2026-08-20 09:00:00+05:30,7934,7958,7920,7956,223,2026-08-20 10:00:00+05:30
2026-08-20 10:00:00+05:30,7956,7962,7934,7941,66,2026-08-20 11:00:00+05:30
2026-08-20 11:00:00+05:30,7941,7965,7933,7965,58,2026-08-20 12:00:00+05:30
2026-08-20 12:00:00+05:30,7965,8039,7963,8039,122,2026-08-20 13:00:00+05:30
2026-08-20 13:00:00+05:30,8039,8090,8010,8090,164,2026-08-20 14:00:00+05:30
2026-08-20 14:00:00+05:30,8090,8125,8085,8122,346,2026-08-20 15:00:00+05:30
2026-08-20 15:00:00+05:30,8122,8149,8103,8121,231,2026-08-20 16:00:00+05:30
2026-08-20 16:00:00+05:30,8121,8165,8112,8165,163,2026-08-20 17:00:00+05:30
2026-08-20 17:00:00+05:30,8165,8215,8160,8202,261,2026-08-20 18:00:00+05:30
2026-08-20 18:00:00+05:30,8202,8202,8113,8148,372,2026-08-20 19:00:00+05:30
2026-08-20 19:00:00+05:30,8148,8170,8063,8078,358,2026-08-20 20:00:00+05:30
2026-08-20 20:00:00+05:30,8078,8131,8065,8121,400,2026-08-20 21:00:00+05:30
2026-08-20 21:00:00+05:30,8126,8151,8115,8141,114,2026-08-20 22:00:00+05:30
2026-08-20 22:00:00+05:30,8141,8141,8088,8132,106,2026-08-20 23:00:00+05:30
2026-08-20 23:00:00+05:30,8132,8150,8132,8144,92,2026-08-21 00:00:00+05:30
2026-08-21 09:00:00+05:30,8113,8142,8113,8122,103,2026-08-21 10:00:00+05:30
2026-08-21 10:00:00+05:30,8122,8134,8099,8130,46,2026-08-21 11:00:00+05:30
2026-08-21 11:00:00+05:30,8130,8130,8103,8108,38,2026-08-21 12:00:00+05:30
2026-08-21 12:00:00+05:30,8108,8127,8100,8120,118,2026-08-21 13:00:00+05:30
2026-08-21 13:00:00+05:30,8124,8153,8090,8102,118,2026-08-21 14:00:00+05:30
2026-08-21 14:00:00+05:30,8099,8116,8077,8115,107,2026-08-21 15:00:00+05:30
2026-08-21 15:00:00+05:30,8115,8205,8100,8139,279,2026-08-21 16:00:00+05:30
2026-08-21 16:00:00+05:30,8139,8187,8115,8117,189,2026-08-21 17:00:00+05:30
2026-08-21 17:00:00+05:30,8117,8180,8090,8165,210,2026-08-21 18:00:00+05:30
2026-08-21 18:00:00+05:30,8165,8173,8133,8161,155,2026-08-21 19:00:00+05:30
2026-08-21 19:00:00+05:30,8161,8176,8115,8125,136,2026-08-21 20:00:00+05:30
2026-08-21 20:00:00+05:30,8125,8160,8114,8131,233,2026-08-21 21:00:00+05:30
2026-08-21 21:00:00+05:30,8131,8172,8130,8145,148,2026-08-21 22:00:00+05:30
2026-08-21 22:00:00+05:30,8145,8186,8145,8175,154,2026-08-21 23:00:00+05:30
2026-08-21 23:00:00+05:30,8175,8193,8166,8190,174,2026-08-22 00:00:00+05:30
2026-08-24 09:00:00+05:30,8050,8066,8042,8050,280,2026-08-24 10:00:00+05:30
2026-08-24 10:00:00+05:30,8050,8065,8045,8048,24,2026-08-24 11:00:00+05:30
2026-08-24 11:00:00+05:30,8048,8063,8020,8028,97,2026-08-24 12:00:00+05:30
2026-08-24 12:00:00+05:30,8028,8033,8009,8030,40,2026-08-24 13:00:00+05:30
2026-08-24 13:00:00+05:30,8030,8066,8009,8044,124,2026-08-24 14:00:00+05:30
2026-08-24 14:00:00+05:30,8050,8055,7972,8032,211,2026-08-24 15:00:00+05:30
2026-08-24 15:00:00+05:30,8032,8032,7999,7999,70,2026-08-24 16:00:00+05:30
2026-08-24 16:00:00+05:30,7999,8043,7995,8038,111,2026-08-24 17:00:00+05:30
2026-08-24 17:00:00+05:30,8038,8048,8010,8036,88,2026-08-24 18:00:00+05:30
2026-08-24 18:00:00+05:30,8036,8099,8016,8076,268,2026-08-24 19:00:00+05:30
2026-08-24 19:00:00+05:30,8076,8090,7996,7996,176,2026-08-24 20:00:00+05:30
2026-08-24 20:00:00+05:30,7996,8034,7970,7981,306,2026-08-24 21:00:00+05:30
2026-08-24 21:00:00+05:30,7981,8031,7960,8028,200,2026-08-24 22:00:00+05:30
2026-08-24 22:00:00+05:30,8028,8035,7980,7998,122,2026-08-24 23:00:00+05:30
2026-08-24 23:00:00+05:30,7998,8002,7986,7986,24,2026-08-25 00:00:00+05:30
2026-08-25 09:00:00+05:30,8022,8048,8022,8033,103,2026-08-25 10:00:00+05:30
2026-08-25 10:00:00+05:30,8033,8033,7995,8000,61,2026-08-25 11:00:00+05:30
2026-08-25 11:00:00+05:30,8000,8010,7931,7945,222,2026-08-25 12:00:00+05:30
2026-08-25 12:00:00+05:30,7945,7974,7927,7953,71,2026-08-25 13:00:00+05:30
2026-08-25 13:00:00+05:30,7953,7978,7875,7907,211,2026-08-25 14:00:00+05:30
2026-08-25 14:00:00+05:30,7907,7920,7787,7810,430,2026-08-25 15:00:00+05:30
2026-08-25 15:00:00+05:30,7810,7810,7735,7769,334,2026-08-25 16:00:00+05:30
2026-08-25 16:00:00+05:30,7765,7794,7758,7782,83,2026-08-25 17:00:00+05:30
2026-08-25 17:00:00+05:30,7782,7790,7721,7762,233,2026-08-25 18:00:00+05:30
2026-08-25 18:00:00+05:30,7762,7785,7720,7758,173,2026-08-25 19:00:00+05:30
2026-08-25 19:00:00+05:30,7758,7802,7740,7765,183,2026-08-25 20:00:00+05:30
2026-08-25 20:00:00+05:30,7765,7819,7735,7750,351,2026-08-25 21:00:00+05:30
2026-08-25 21:00:00+05:30,7750,7760,7685,7730,420,2026-08-25 22:00:00+05:30
2026-08-25 22:00:00+05:30,7730,7743,7714,7730,75,2026-08-25 23:00:00+05:30
2026-08-25 23:00:00+05:30,7730,7730,7707,7707,123,2026-08-26 00:00:00+05:30
2026-08-26 09:00:00+05:30,7672,7672,7555,7575,331,2026-08-26 10:00:00+05:30
2026-08-26 10:00:00+05:30,7575,7618,7572,7618,134,2026-08-26 11:00:00+05:30
2026-08-26 11:00:00+05:30,7618,7632,7607,7632,83,2026-08-26 12:00:00+05:30
2026-08-26 12:00:00+05:30,7632,7632,7578,7594,91,2026-08-26 13:00:00+05:30
2026-08-26 13:00:00+05:30,7594,7610,7555,7569,192,2026-08-26 14:00:00+05:30
2026-08-26 14:00:00+05:30,7569,7579,7531,7577,261,2026-08-26 15:00:00+05:30
2026-08-26 15:00:00+05:30,7577,7585,7550,7570,74,2026-08-26 16:00:00+05:30
2026-08-26 16:00:00+05:30,7571,7596,7565,7580,133,2026-08-26 17:00:00+05:30
2026-08-26 17:00:00+05:30,7580,7615,7579,7580,116,2026-08-26 18:00:00+05:30
2026-08-26 18:00:00+05:30,7580,7660,7580,7627,285,2026-08-26 19:00:00+05:30
2026-08-26 19:00:00+05:30,7627,7722,7627,7722,215,2026-08-26 20:00:00+05:30
2026-08-26 20:00:00+05:30,7722,7780,7719,7775,283,2026-08-26 21:00:00+05:30
2026-08-26 21:00:00+05:30,7775,7859,7760,7841,357,2026-08-26 22:00:00+05:30
2026-08-26 22:00:00+05:30,7841,7850,7789,7800,272,2026-08-26 23:00:00+05:30
2026-08-26 23:00:00+05:30,7800,7800,7785,7785,100,2026-08-27 00:00:00+05:30
2026-08-27 09:00:00+05:30,7729,7737,7710,7728,153,2026-08-27 10:00:00+05:30
2026-08-27 10:00:00+05:30,7728,7732,7706,7706,47,2026-08-27 11:00:00+05:30
2026-08-27 11:00:00+05:30,7706,7711,7685,7686,40,2026-08-27 12:00:00+05:30
2026-08-27 12:00:00+05:30,7686,7690,7631,7669,159,2026-08-27 13:00:00+05:30
2026-08-27 13:00:00+05:30,7669,7709,7661,7705,125,2026-08-27 14:00:00+05:30
2026-08-27 14:00:00+05:30,7705,7776,7700,7757,171,2026-08-27 15:00:00+05:30
2026-08-27 15:00:00+05:30,7757,7801,7746,7788,130,2026-08-27 16:00:00+05:30
2026-08-27 16:00:00+05:30,7788,7794,7757,7777,138,2026-08-27 17:00:00+05:30
2026-08-27 17:00:00+05:30,7777,7792,7755,7780,282,2026-08-27 18:00:00+05:30
2026-08-27 18:00:00+05:30,7780,7840,7770,7770,204,2026-08-27 19:00:00+05:30
2026-08-27 19:00:00+05:30,7770,7829,7770,7798,355,2026-08-27 20:00:00+05:30
2026-08-27 20:00:00+05:30,7798,7798,7734,7756,192,2026-08-27 21:00:00+05:30
2026-08-27 21:00:00+05:30,7756,7790,7756,7787,191,2026-08-27 22:00:00+05:30
2026-08-27 22:00:00+05:30,7787,7808,7786,7800,154,2026-08-27 23:00:00+05:30
2026-08-27 23:00:00+05:30,7800,7902,7793,7892,276,2026-08-28 00:00:00+05:30
2026-08-28 09:00:00+05:30,7842,7842,7814,7829,121,2026-08-28 10:00:00+05:30
2026-08-28 10:00:00+05:30,7829,7848,7827,7830,20,2026-08-28 11:00:00+05:30
2026-08-28 11:00:00+05:30,7830,7835,7804,7806,38,2026-08-28 12:00:00+05:30
2026-08-28 12:00:00+05:30,7806,7839,7796,7800,125,2026-08-28 13:00:00+05:30
2026-08-28 13:00:00+05:30,7800,7829,7776,7807,132,2026-08-28 14:00:00+05:30
2026-08-28 14:00:00+05:30,7807,7850,7771,7820,188,2026-08-28 15:00:00+05:30
2026-08-28 15:00:00+05:30,7820,7840,7806,7834,101,2026-08-28 16:00:00+05:30
2026-08-28 16:00:00+05:30,7834,7860,7820,7820,129,2026-08-28 17:00:00+05:30
2026-08-28 17:00:00+05:30,7820,7820,7785,7786,89,2026-08-28 18:00:00+05:30
2026-08-28 18:00:00+05:30,7786,7802,7752,7768,205,2026-08-28 19:00:00+05:30
2026-08-28 19:00:00+05:30,7765,7820,7761,7806,190,2026-08-28 20:00:00+05:30
2026-08-28 20:00:00+05:30,7806,7845,7800,7845,202,2026-08-28 21:00:00+05:30
2026-08-28 21:00:00+05:30,7834,7848,7814,7834,153,2026-08-28 22:00:00+05:30
2026-08-28 22:00:00+05:30,7834,7870,7828,7843,283,2026-08-28 23:00:00+05:30
2026-08-28 23:00:00+05:30,7843,7858,7836,7844,90,2026-08-29 00:00:00+05:30
2026-08-31 09:00:00+05:30,7981,8020,7978,8012,273,2026-08-31 10:00:00+05:30
2026-08-31 10:00:00+05:30,8012,8049,7996,8048,170,2026-08-31 11:00:00+05:30
2026-08-31 11:00:00+05:30,8048,8072,8022,8022,174,2026-08-31 12:00:00+05:30
2026-08-31 12:00:00+05:30,8022,8043,7923,7941,221,2026-08-31 13:00:00+05:30
2026-08-31 13:00:00+05:30,7941,8017,7937,8011,349,2026-08-31 14:00:00+05:30
2026-08-31 14:00:00+05:30,8013,8085,8010,8054,190,2026-08-31 15:00:00+05:30
2026-08-31 15:00:00+05:30,8054,8099,8043,8058,186,2026-08-31 16:00:00+05:30
2026-08-31 16:00:00+05:30,8058,8079,8041,8071,81,2026-08-31 17:00:00+05:30
2026-08-31 17:00:00+05:30,8071,8089,8033,8077,211,2026-08-31 18:00:00+05:30
2026-08-31 18:00:00+05:30,8077,8091,7994,8007,323,2026-08-31 19:00:00+05:30
2026-08-31 19:00:00+05:30,8007,8082,8007,8032,451,2026-08-31 20:00:00+05:30
2026-08-31 20:00:00+05:30,8032,8032,7984,8006,251,2026-08-31 21:00:00+05:30
2026-08-31 21:00:00+05:30,8006,8029,7995,8020,62,2026-08-31 22:00:00+05:30
2026-08-31 22:00:00+05:30,8020,8037,7990,8023,129,2026-08-31 23:00:00+05:30
2026-08-31 23:00:00+05:30,8023,8028,8009,8014,127,2026-09-01 00:00:00+05:30
2026-09-01 09:00:00+05:30,8090,8092,8075,8080,303,2026-09-01 10:00:00+05:30
2026-09-01 10:00:00+05:30,8080,8107,8075,8090,212,2026-09-01 11:00:00+05:30
2026-09-01 11:00:00+05:30,8090,8099,8017,8055,212,2026-09-01 12:00:00+05:30
2026-09-01 12:00:00+05:30,8055,8110,8035,8090,206,2026-09-01 13:00:00+05:30
2026-09-01 13:00:00+05:30,8090,8158,8086,8148,299,2026-09-01 14:00:00+05:30
2026-09-01 14:00:00+05:30,8148,8189,8137,8176,223,2026-09-01 15:00:00+05:30
2026-09-01 15:00:00+05:30,8176,8185,8152,8152,169,2026-09-01 16:00:00+05:30
2026-09-01 16:00:00+05:30,8152,8173,8137,8150,162,2026-09-01 17:00:00+05:30
2026-09-01 17:00:00+05:30,8150,8171,8120,8163,148,2026-09-01 18:00:00+05:30
2026-09-01 18:00:00+05:30,8163,8197,8163,8181,276,2026-09-01 19:00:00+05:30
2026-09-01 19:00:00+05:30,8181,8200,8125,8130,222,2026-09-01 20:00:00+05:30
2026-09-01 20:00:00+05:30,8130,8181,8123,8181,107,2026-09-01 21:00:00+05:30
2026-09-01 21:00:00+05:30,8181,8319,8161,8311,638,2026-09-01 22:00:00+05:30
2026-09-01 22:00:00+05:30,8311,8330,8269,8314,582,2026-09-01 23:00:00+05:30
2026-09-01 23:00:00+05:30,8314,8348,8308,8331,193,2026-09-02 00:00:00+05:30
2026-09-02 09:00:00+05:30,8382,8399,8367,8367,523,2026-09-02 10:00:00+05:30
2026-09-02 10:00:00+05:30,8367,8393,8358,8371,214,2026-09-02 11:00:00+05:30
2026-09-02 11:00:00+05:30,8371,8400,8371,8400,133,2026-09-02 12:00:00+05:30
2026-09-02 12:00:00+05:30,8404,8405,8322,8336,292,2026-09-02 13:00:00+05:30
2026-09-02 13:00:00+05:30,8336,8359,8310,8345,233,2026-09-02 14:00:00+05:30
2026-09-02 14:00:00+05:30,8345,8371,8323,8360,121,2026-09-02 15:00:00+05:30
2026-09-02 15:00:00+05:30,8360,8368,8332,8350,88,2026-09-02 16:00:00+05:30
2026-09-02 16:00:00+05:30,8350,8365,8276,8284,164,2026-09-02 17:00:00+05:30
2026-09-02 17:00:00+05:30,8284,8309,8240,8306,453,2026-09-02 18:00:00+05:30
2026-09-02 18:00:00+05:30,8306,8316,8238,8259,168,2026-09-02 19:00:00+05:30
2026-09-02 19:00:00+05:30,8259,8273,8150,8272,379,2026-09-02 20:00:00+05:30
2026-09-02 20:00:00+05:30,8272,8355,8272,8332,621,2026-09-02 21:00:00+05:30
2026-09-02 21:00:00+05:30,8332,8356,8321,8348,469,2026-09-02 22:00:00+05:30
2026-09-02 22:00:00+05:30,8348,8372,8336,8358,185,2026-09-02 23:00:00+05:30
2026-09-02 23:00:00+05:30,8358,8379,8340,8343,197,2026-09-03 00:00:00+05:30
2026-09-03 09:00:00+05:30,8333,8341,8316,8322,147,2026-09-03 10:00:00+05:30
2026-09-03 10:00:00+05:30,8322,8326,8265,8274,136,2026-09-03 11:00:00+05:30
2026-09-03 11:00:00+05:30,8274,8274,8225,8245,242,2026-09-03 12:00:00+05:30
2026-09-03 12:00:00+05:30,8245,8303,8240,8303,121,2026-09-03 13:00:00+05:30
2026-09-03 13:00:00+05:30,8303,8315,8215,8304,345,2026-09-03 14:00:00+05:30
2026-09-03 14:00:00+05:30,8304,8375,8303,8353,382,2026-09-03 15:00:00+05:30
2026-09-03 15:00:00+05:30,8353,8459,8350,8435,796,2026-09-03 16:00:00+05:30
2026-09-03 16:00:00+05:30,8435,8478,8390,8414,505,2026-09-03 17:00:00+05:30
2026-09-03 17:00:00+05:30,8414,8450,8377,8381,326,2026-09-03 18:00:00+05:30
2026-09-03 18:00:00+05:30,8381,8421,8348,8360,380,2026-09-03 19:00:00+05:30
2026-09-03 19:00:00+05:30,8360,8415,8350,8398,217,2026-09-03 20:00:00+05:30
2026-09-03 20:00:00+05:30,8398,8437,8381,8390,327,2026-09-03 21:00:00+05:30
2026-09-03 21:00:00+05:30,8386,8386,8321,8355,426,2026-09-03 22:00:00+05:30
2026-09-03 22:00:00+05:30,8367,8399,8343,8375,236,2026-09-03 23:00:00+05:30
2026-09-03 23:00:00+05:30,8375,8375,8342,8346,112,2026-09-04 00:00:00+05:30
2026-09-04 09:00:00+05:30,8370,8387,8362,8364,204,2026-09-04 10:00:00+05:30
2026-09-04 10:00:00+05:30,8364,8365,8331,8331,195,2026-09-04 11:00:00+05:30
2026-09-04 11:00:00+05:30,8331,8360,8325,8336,144,2026-09-04 12:00:00+05:30
2026-09-04 12:00:00+05:30,8336,8361,8330,8341,93,2026-09-04 13:00:00+05:30
2026-09-04 13:00:00+05:30,8341,8341,8273,8303,547,2026-09-04 14:00:00+05:30
2026-09-04 14:00:00+05:30,8293,8317,8270,8290,155,2026-09-04 15:00:00+05:30
2026-09-04 15:00:00+05:30,8290,8332,8286,8294,189,2026-09-04 16:00:00+05:30
2026-09-04 16:00:00+05:30,8294,8305,8271,8287,124,2026-09-04 17:00:00+05:30
2026-09-04 17:00:00+05:30,8287,8310,8262,8264,200,2026-09-04 18:00:00+05:30
2026-09-04 18:00:00+05:30,8264,8304,8221,8250,560,2026-09-04 19:00:00+05:30
2026-09-04 19:00:00+05:30,8250,8250,8125,8210,961,2026-09-04 20:00:00+05:30
2026-09-04 20:00:00+05:30,8210,8330,8210,8304,394,2026-09-04 21:00:00+05:30
2026-09-04 21:00:00+05:30,8304,8335,8291,8309,183,2026-09-04 22:00:00+05:30
2026-09-04 22:00:00+05:30,8309,8360,8301,8332,298,2026-09-04 23:00:00+05:30
2026-09-04 23:00:00+05:30,8332,8339,8315,8326,218,2026-09-05 00:00:00+05:30
2026-09-07 09:00:00+05:30,8425,8453,8420,8442,444,2026-09-07 10:00:00+05:30
2026-09-07 10:00:00+05:30,8442,8466,8439,8463,187,2026-09-07 11:00:00+05:30
2026-09-07 11:00:00+05:30,8463,8506,8456,8475,283,2026-09-07 12:00:00+05:30
2026-09-07 12:00:00+05:30,8475,8482,8415,8439,263,2026-09-07 13:00:00+05:30
2026-09-07 13:00:00+05:30,8439,8443,8341,8349,273,2026-09-07 14:00:00+05:30
2026-09-07 14:00:00+05:30,8349,8405,8349,8401,157,2026-09-07 15:00:00+05:30
2026-09-07 15:00:00+05:30,8401,8412,8379,8392,101,2026-09-07 16:00:00+05:30
2026-09-07 16:00:00+05:30,8392,8472,8389,8467,255,2026-09-07 17:00:00+05:30
2026-09-07 17:00:00+05:30,8470,8487,8464,8480,168,2026-09-07 18:00:00+05:30
2026-09-07 18:00:00+05:30,8480,8502,8455,8474,312,2026-09-07 19:00:00+05:30
2026-09-07 19:00:00+05:30,8474,8511,8473,8497,266,2026-09-07 20:00:00+05:30
2026-09-07 20:00:00+05:30,8497,8534,8489,8510,346,2026-09-07 21:00:00+05:30
2026-09-07 21:00:00+05:30,8510,8530,8470,8482,341,2026-09-07 22:00:00+05:30
2026-09-07 22:00:00+05:30,8482,8490,8452,8484,165,2026-09-07 23:00:00+05:30
2026-09-07 23:00:00+05:30,8484,8497,8475,8495,84,2026-09-08 00:00:00+05:30
2026-09-08 09:00:00+05:30,8500,8519,8500,8515,196,2026-09-08 10:00:00+05:30
2026-09-08 10:00:00+05:30,8526,8548,8515,8547,167,2026-09-08 11:00:00+05:30
2026-09-08 11:00:00+05:30,8547,8627,8545,8583,423,2026-09-08 12:00:00+05:30
2026-09-08 12:00:00+05:30,8584,8625,8578,8620,217,2026-09-08 13:00:00+05:30
2026-09-08 13:00:00+05:30,8620,8666,8616,8661,389,2026-09-08 14:00:00+05:30
2026-09-08 14:00:00+05:30,8657,8662,8620,8628,459,2026-09-08 15:00:00+05:30
2026-09-08 15:00:00+05:30,8628,8630,8575,8586,406,2026-09-08 16:00:00+05:30
2026-09-08 16:00:00+05:30,8586,8626,8586,8608,130,2026-09-08 17:00:00+05:30
2026-09-08 17:00:00+05:30,8608,8620,8575,8575,134,2026-09-08 18:00:00+05:30
2026-09-08 18:00:00+05:30,8575,8588,8497,8540,745,2026-09-08 19:00:00+05:30
2026-09-08 19:00:00+05:30,8540,8583,8538,8566,231,2026-09-08 20:00:00+05:30
2026-09-08 20:00:00+05:30,8566,8568,8517,8545,162,2026-09-08 21:00:00+05:30
2026-09-08 21:00:00+05:30,8545,8545,8479,8484,340,2026-09-08 22:00:00+05:30
2026-09-08 22:00:00+05:30,8484,8516,8455,8469,428,2026-09-08 23:00:00+05:30
2026-09-08 23:00:00+05:30,8469,8496,8469,8485,88,2026-09-09 00:00:00+05:30
2026-09-09 09:00:00+05:30,8689,8689,8649,8649,731,2026-09-09 10:00:00+05:30
2026-09-09 10:00:00+05:30,8649,8668,8648,8663,175,2026-09-09 11:00:00+05:30
2026-09-09 11:00:00+05:30,8663,8690,8647,8685,305,2026-09-09 12:00:00+05:30
2026-09-09 12:00:00+05:30,8685,8737,8674,8713,340,2026-09-09 13:00:00+05:30
2026-09-09 13:00:00+05:30,8713,8726,8687,8697,296,2026-09-09 14:00:00+05:30
2026-09-09 14:00:00+05:30,8697,8757,8697,8743,469,2026-09-09 15:00:00+05:30
2026-09-09 15:00:00+05:30,8743,8801,8732,8780,532,2026-09-09 16:00:00+05:30
2026-09-09 16:00:00+05:30,8780,8791,8748,8788,193,2026-09-09 17:00:00+05:30
2026-09-09 17:00:00+05:30,8788,8818,8750,8815,624,2026-09-09 18:00:00+05:30
2026-09-09 18:00:00+05:30,8815,8823,8785,8802,438,2026-09-09 19:00:00+05:30
2026-09-09 19:00:00+05:30,8802,8846,8775,8806,548,2026-09-09 20:00:00+05:30
2026-09-09 20:00:00+05:30,8806,8864,8806,8861,550,2026-09-09 21:00:00+05:30
2026-09-09 21:00:00+05:30,8861,8875,8819,8842,568,2026-09-09 22:00:00+05:30
2026-09-09 22:00:00+05:30,8842,8842,8751,8787,454,2026-09-09 23:00:00+05:30
2026-09-09 23:00:00+05:30,8790,8830,8789,8828,319,2026-09-10 00:00:00+05:30
2026-09-10 09:00:00+05:30,8835,8846,8815,8832,409,2026-09-10 10:00:00+05:30
2026-09-10 10:00:00+05:30,8832,8845,8815,8815,89,2026-09-10 11:00:00+05:30
2026-09-10 11:00:00+05:30,8815,8815,8766,8775,211,2026-09-10 12:00:00+05:30
2026-09-10 12:00:00+05:30,8775,8855,8768,8851,233,2026-09-10 13:00:00+05:30
2026-09-10 13:00:00+05:30,8851,8905,8845,8901,373,2026-09-10 14:00:00+05:30
2026-09-10 14:00:00+05:30,8901,8980,8892,8977,578,2026-09-10 15:00:00+05:30
2026-09-10 15:00:00+05:30,8977,8997,8935,8950,542,2026-09-10 16:00:00+05:30
2026-09-10 16:00:00+05:30,8950,8989,8891,8965,631,2026-09-10 17:00:00+05:30
2026-09-10 17:00:00+05:30,8965,9181,8937,9181,1711,2026-09-10 18:00:00+05:30
2026-09-10 18:00:00+05:30,9180,9259,9152,9201,1517,2026-09-10 19:00:00+05:30
2026-09-10 19:00:00+05:30,9201,9201,9076,9115,961,2026-09-10 20:00:00+05:30
2026-09-10 20:00:00+05:30,9115,9226,9115,9212,502,2026-09-10 21:00:00+05:30
2026-09-10 21:00:00+05:30,9212,9338,9205,9317,1714,2026-09-10 22:00:00+05:30
2026-09-10 22:00:00+05:30,9317,9375,9279,9342,1055,2026-09-10 23:00:00+05:30
2026-09-10 23:00:00+05:30,9342,9366,9336,9357,363,2026-09-11 00:00:00+05:30
2026-09-11 09:00:00+05:30,9456,9483,8766,9392,1324,2026-09-11 10:00:00+05:30
2026-09-11 10:00:00+05:30,9392,9415,9324,9357,452,2026-09-11 11:00:00+05:30
2026-09-11 11:00:00+05:30,9353,9353,9247,9284,925,2026-09-11 12:00:00+05:30
2026-09-11 12:00:00+05:30,9284,9308,9221,9276,636,2026-09-11 13:00:00+05:30
2026-09-11 13:00:00+05:30,9276,9297,9199,9234,609,2026-09-11 14:00:00+05:30
2026-09-11 14:00:00+05:30,9234,9234,9128,9169,619,2026-09-11 15:00:00+05:30
2026-09-11 15:00:00+05:30,9169,9182,9088,9096,799,2026-09-11 16:00:00+05:30
2026-09-11 16:00:00+05:30,9096,9130,9071,9125,442,2026-09-11 17:00:00+05:30
2026-09-11 17:00:00+05:30,9125,9166,9101,9121,351,2026-09-11 18:00:00+05:30
2026-09-11 18:00:00+05:30,9121,9170,9065,9077,658,2026-09-11 19:00:00+05:30
2026-09-11 19:00:00+05:30,9077,9179,9077,9175,553,2026-09-11 20:00:00+05:30
2026-09-11 20:00:00+05:30,9175,9195,9105,9119,398,2026-09-11 21:00:00+05:30
2026-09-11 21:00:00+05:30,9119,9186,9091,9180,348,2026-09-11 22:00:00+05:30
2026-09-11 22:00:00+05:30,9180,9204,9126,9127,426,2026-09-11 23:00:00+05:30
2026-09-11 23:00:00+05:30,9127,9171,9115,9163,318,2026-09-12 00:00:00+05:30
2026-09-14 17:00:00+05:30,9456,9517,9410,9495,1514,2026-09-14 18:00:00+05:30
2026-09-14 18:00:00+05:30,9495,9587,9488,9523,1292,2026-09-14 19:00:00+05:30
2026-09-14 19:00:00+05:30,9523,9567,9493,9540,591,2026-09-14 20:00:00+05:30
2026-09-14 20:00:00+05:30,9540,9545,9360,9507,1939,2026-09-14 21:00:00+05:30
2026-09-14 21:00:00+05:30,9507,9524,9377,9445,1223,2026-09-14 22:00:00+05:30
2026-09-14 22:00:00+05:30,9445,9450,9247,9309,1423,2026-09-14 23:00:00+05:30
2026-09-14 23:00:00+05:30,9309,9340,9301,9326,332,2026-09-15 00:00:00+05:30
2026-09-15 09:00:00+05:30,9447,9465,9401,9461,685,2026-09-15 10:00:00+05:30
2026-09-15 10:00:00+05:30,9465,9476,9450,9468,1011,2026-09-15 11:00:00+05:30
2026-09-15 11:00:00+05:30,9468,9480,9409,9461,1179,2026-09-15 12:00:00+05:30
2026-09-15 12:00:00+05:30,9461,9490,9440,9456,333,2026-09-15 13:00:00+05:30
2026-09-15 13:00:00+05:30,9456,9520,9453,9460,861,2026-09-15 14:00:00+05:30
2026-09-15 14:00:00+05:30,9460,9534,9460,9523,590,2026-09-15 15:00:00+05:30
2026-09-15 15:00:00+05:30,9522,9543,9476,9486,690,2026-09-15 16:00:00+05:30
2026-09-15 16:00:00+05:30,9486,9489,9384,9403,1062,2026-09-15 17:00:00+05:30
2026-09-15 17:00:00+05:30,9403,9460,9371,9454,541,2026-09-15 18:00:00+05:30
2026-09-15 18:00:00+05:30,9454,9457,9316,9448,1456,2026-09-15 19:00:00+05:30
2026-09-15 19:00:00+05:30,9448,9526,9443,9521,1791,2026-09-15 20:00:00+05:30
2026-09-15 20:00:00+05:30,9521,9600,9512,9579,1813,2026-09-15 21:00:00+05:30
2026-09-15 21:00:00+05:30,9584,9650,9536,9634,1635,2026-09-15 22:00:00+05:30
2026-09-15 22:00:00+05:30,9634,9757,9630,9748,1088,2026-09-15 23:00:00+05:30
2026-09-15 23:00:00+05:30,9748,9769,9715,9742,641,2026-09-16 00:00:00+05:30
2026-09-16 09:00:00+05:30,9552,9595,9546,9556,1167,2026-09-16 10:00:00+05:30
2026-09-16 10:00:00+05:30,9557,9590,9553,9577,351,2026-09-16 11:00:00+05:30
2026-09-16 11:00:00+05:30,9577,9611,9560,9581,705,2026-09-16 12:00:00+05:30
2026-09-16 12:00:00+05:30,9581,9595,9502,9536,772,2026-09-16 13:00:00+05:30
2026-09-16 13:00:00+05:30,9536,9596,9526,9574,619,2026-09-16 14:00:00+05:30
2026-09-16 14:00:00+05:30,9568,9615,9554,9578,629,2026-09-16 15:00:00+05:30
2026-09-16 15:00:00+05:30,9578,9578,9501,9522,883,2026-09-16 16:00:00+05:30
2026-09-16 16:00:00+05:30,9522,9534,9438,9470,1231,2026-09-16 17:00:00+05:30
2026-09-16 17:00:00+05:30,9470,9500,9442,9485,999,2026-09-16 18:00:00+05:30
2026-09-16 18:00:00+05:30,9485,9525,9472,9510,624,2026-09-16 19:00:00+05:30
2026-09-16 19:00:00+05:30,9510,9511,9429,9441,762,2026-09-16 20:00:00+05:30
2026-09-16 20:00:00+05:30,9441,9473,9200,9334,2930,2026-09-16 21:00:00+05:30
2026-09-16 21:00:00+05:30,9329,9394,9253,9372,3348,2026-09-16 22:00:00+05:30
2026-09-16 22:00:00+05:30,9372,9387,9362,9366,715,2026-09-16 23:00:00+05:30
2026-09-16 23:00:00+05:30,9366,9373,9344,9350,1055,2026-09-17 00:00:00+05:30
2026-09-17 09:00:00+05:30,9375,9392,9351,9372,874,2026-09-17 10:00:00+05:30
2026-09-17 10:00:00+05:30,9372,9372,9337,9340,467,2026-09-17 11:00:00+05:30
2026-09-17 11:00:00+05:30,9340,9345,9228,9228,1378,2026-09-17 12:00:00+05:30
2026-09-17 12:00:00+05:30,9228,9263,9190,9228,1555,2026-09-17 13:00:00+05:30
2026-09-17 13:00:00+05:30,9228,9316,9221,9268,825,2026-09-17 14:00:00+05:30
2026-09-17 14:00:00+05:30,9270,9322,9230,9320,659,2026-09-17 15:00:00+05:30
2026-09-17 15:00:00+05:30,9320,9322,9207,9225,2465,2026-09-17 16:00:00+05:30
2026-09-17 16:00:00+05:30,9225,9252,9197,9222,1872,2026-09-17 17:00:00+05:30
2026-09-17 17:00:00+05:30,9222,9237,9082,9090,3300,2026-09-17 18:00:00+05:30
2026-09-17 18:00:00+05:30,9092,9203,9090,9194,1525,2026-09-17 19:00:00+05:30
2026-09-17 19:00:00+05:30,9194,9246,9166,9191,1713,2026-09-17 20:00:00+05:30
2026-09-17 20:00:00+05:30,9192,9267,9185,9222,1410,2026-09-17 21:00:00+05:30
2026-09-17 21:00:00+05:30,9221,9255,9205,9238,899,2026-09-17 22:00:00+05:30
2026-09-17 22:00:00+05:30,9238,9350,9238,9337,2815,2026-09-17 23:00:00+05:30
2026-09-17 23:00:00+05:30,9337,9349,9316,9339,1080,2026-09-18 00:00:00+05:30
2026-09-18 09:00:00+05:30,9261,9277,9227,9258,1369,2026-09-18 10:00:00+05:30
2026-09-18 10:00:00+05:30,9255,9255,9214,9232,1096,2026-09-18 11:00:00+05:30
2026-09-18 11:00:00+05:30,9229,9247,9172,9175,1638,2026-09-18 12:00:00+05:30
2026-09-18 12:00:00+05:30,9174,9177,9103,9109,2067,2026-09-18 13:00:00+05:30
2026-09-18 13:00:00+05:30,9109,9189,9095,9189,2330,2026-09-18 14:00:00+05:30
2026-09-18 14:00:00+05:30,9189,9200,9136,9177,2229,2026-09-18 15:00:00+05:30
2026-09-18 15:00:00+05:30,9180,9263,9180,9184,2888,2026-09-18 16:00:00+05:30
2026-09-18 16:00:00+05:30,9184,9261,9160,9243,8177,2026-09-18 17:00:00+05:30
2026-09-18 17:00:00+05:30,9243,9304,9190,9288,4945,2026-09-18 18:00:00+05:30
2026-09-18 18:00:00+05:30,9288,9383,9279,9376,3921,2026-09-18 19:00:00+05:30
2026-09-18 19:00:00+05:30,9377,9424,9359,9405,2780,2026-09-18 20:00:00+05:30
2026-09-18 20:00:00+05:30,9405,9406,9302,9335,3596,2026-09-18 21:00:00+05:30
2026-09-18 21:00:00+05:30,9342,9360,9244,9253,3285,2026-09-18 22:00:00+05:30
2026-09-18 22:00:00+05:30,9252,9270,9194,9213,3166,2026-09-18 23:00:00+05:30
2026-09-18 23:00:00+05:30,9213,9242,9209,9225,1395,2026-09-19 00:00:00+05:30
2026-09-21 09:00:00+05:30,9040,9424,9001,9010,4716,2026-09-21 10:00:00+05:30
2026-09-21 10:00:00+05:30,9013,9062,9010,9043,1244,2026-09-21 11:00:00+05:30
2026-09-21 11:00:00+05:30,9040,9098,9011,9035,1589,2026-09-21 12:00:00+05:30
2026-09-21 12:00:00+05:30,9034,9061,9009,9017,966,2026-09-21 13:00:00+05:30
2026-09-21 13:00:00+05:30,9017,9055,8974,8997,2055,2026-09-21 14:00:00+05:30
2026-09-21 14:00:00+05:30,8998,9076,8987,9051,2108,2026-09-21 15:00:00+05:30
2026-09-21 15:00:00+05:30,9051,9058,8928,8931,3439,2026-09-21 16:00:00+05:30
2026-09-21 16:00:00+05:30,8931,8984,8896,8975,4061,2026-09-21 17:00:00+05:30
2026-09-21 17:00:00+05:30,8975,8993,8933,8976,3557,2026-09-21 18:00:00+05:30
2026-09-21 18:00:00+05:30,8976,8990,8881,8890,6658,2026-09-21 19:00:00+05:30
2026-09-21 19:00:00+05:30,8891,8938,8801,8803,6417,2026-09-21 20:00:00+05:30
2026-09-21 20:00:00+05:30,8803,8874,8791,8860,4679,2026-09-21 21:00:00+05:30
2026-09-21 21:00:00+05:30,8858,8861,8763,8804,5795,2026-09-21 22:00:00+05:30
2026-09-21 22:00:00+05:30,8805,8810,8753,8799,3084,2026-09-21 23:00:00+05:30
2026-09-21 23:00:00+05:30,8799,8855,8799,8840,2707,2026-09-22 00:00:00+05:30
2026-09-22 09:00:00+05:30,8924,8960,8902,8943,2538,2026-09-22 10:00:00+05:30
2026-09-22 10:00:00+05:30,8943,8965,8937,8958,1052,2026-09-22 11:00:00+05:30
2026-09-22 11:00:00+05:30,8958,9002,8958,8990,2196,2026-09-22 12:00:00+05:30
2026-09-22 12:00:00+05:30,8990,9008,8927,8937,1770,2026-09-22 13:00:00+05:30
2026-09-22 13:00:00+05:30,8937,8956,8881,8931,2057,2026-09-22 14:00:00+05:30
2026-09-22 14:00:00+05:30,8927,8940,8639,8739,10118,2026-09-22 15:00:00+05:30
2026-09-22 15:00:00+05:30,8735,8740,8538,8606,10724,2026-09-22 16:00:00+05:30
2026-09-22 16:00:00+05:30,8604,8687,8529,8637,8789,2026-09-22 17:00:00+05:30
2026-09-22 17:00:00+05:30,8635,8696,8594,8643,4465,2026-09-22 18:00:00+05:30
2026-09-22 18:00:00+05:30,8643,8667,8569,8659,5052,2026-09-22 19:00:00+05:30
2026-09-22 19:00:00+05:30,8655,8717,8631,8684,7010,2026-09-22 20:00:00+05:30
2026-09-22 20:00:00+05:30,8686,8787,8639,8744,8284,2026-09-22 21:00:00+05:30
2026-09-22 21:00:00+05:30,8746,8816,8740,8782,3682,2026-09-22 22:00:00+05:30
2026-09-22 22:00:00+05:30,8782,8783,8714,8715,3200,2026-09-22 23:00:00+05:30
2026-09-22 23:00:00+05:30,8715,8720,8562,8585,4351,2026-09-23 00:00:00+05:30
2026-09-23 09:00:00+05:30,8586,8586,8516,8522,2912,2026-09-23 10:00:00+05:30
2026-09-23 10:00:00+05:30,8521,8562,8496,8561,1822,2026-09-23 11:00:00+05:30
2026-09-23 11:00:00+05:30,8561,8585,8537,8573,1730,2026-09-23 12:00:00+05:30
2026-09-23 12:00:00+05:30,8573,8644,8555,8612,2164,2026-09-23 13:00:00+05:30
2026-09-23 13:00:00+05:30,8609,8662,8585,8662,2184,2026-09-23 14:00:00+05:30
2026-09-23 14:00:00+05:30,8662,8678,8608,8625,1999,2026-09-23 15:00:00+05:30
2026-09-23 15:00:00+05:30,8625,8665,8576,8582,2425,2026-09-23 16:00:00+05:30
2026-09-23 16:00:00+05:30,8582,8700,8579,8685,2362,2026-09-23 17:00:00+05:30
2026-09-23 17:00:00+05:30,8685,8726,8678,8690,3736,2026-09-23 18:00:00+05:30
2026-09-23 18:00:00+05:30,8690,8760,8681,8747,5336,2026-09-23 19:00:00+05:30
2026-09-23 19:00:00+05:30,8752,8841,8730,8834,7681,2026-09-23 20:00:00+05:30
2026-09-23 20:00:00+05:30,8835,8895,8746,8893,9919,2026-09-23 21:00:00+05:30
2026-09-23 21:00:00+05:30,8891,8914,8860,8873,5774,2026-09-23 22:00:00+05:30
2026-09-23 22:00:00+05:30,8872,8897,8749,8797,6166,2026-09-23 23:00:00+05:30
2026-09-23 23:00:00+05:30,8799,8862,8798,8800,2562,2026-09-24 00:00:00+05:30
2026-09-24 09:00:00+05:30,8769,8792,8760,8786,1837,2026-09-24 10:00:00+05:30
2026-09-24 10:00:00+05:30,8786,8806,8772,8791,963,2026-09-24 11:00:00+05:30
2026-09-24 11:00:00+05:30,8791,8888,8789,8885,2162,2026-09-24 12:00:00+05:30
2026-09-24 12:00:00+05:30,8884,8919,8848,8848,3555,2026-09-24 13:00:00+05:30
2026-09-24 13:00:00+05:30,8849,9106,8837,9095,7046,2026-09-24 14:00:00+05:30
2026-09-24 14:00:00+05:30,9097,9097,9006,9018,3405,2026-09-24 15:00:00+05:30
2026-09-24 15:00:00+05:30,9020,9042,8948,8968,4215,2026-09-24 16:00:00+05:30
2026-09-24 16:00:00+05:30,8968,8990,8925,8985,3303,2026-09-24 17:00:00+05:30
2026-09-24 17:00:00+05:30,8985,9033,8969,9021,3803,2026-09-24 18:00:00+05:30
2026-09-24 18:00:00+05:30,9021,9043,8990,9030,3118,2026-09-24 19:00:00+05:30
2026-09-24 19:00:00+05:30,9034,9112,9032,9101,4197,2026-09-24 20:00:00+05:30
2026-09-24 20:00:00+05:30,9101,9270,9095,9268,8478,2026-09-24 21:00:00+05:30
2026-09-24 21:00:00+05:30,9270,9309,8981,9041,14902,2026-09-24 22:00:00+05:30
2026-09-24 22:00:00+05:30,9036,9132,8960,9107,11381,2026-09-24 23:00:00+05:30
2026-09-24 23:00:00+05:30,9107,9200,9092,9159,4356,2026-09-25 00:00:00+05:30
2026-09-25 09:00:00+05:30,9001,9002,8928,8949,2326,2026-09-25 10:00:00+05:30
2026-09-25 10:00:00+05:30,8947,8961,8905,8920,1651,2026-09-25 11:00:00+05:30
2026-09-25 11:00:00+05:30,8920,8944,8872,8940,3305,2026-09-25 12:00:00+05:30
2026-09-25 12:00:00+05:30,8942,9012,8917,8995,3445,2026-09-25 13:00:00+05:30
2026-09-25 13:00:00+05:30,8995,9010,8953,8956,1860,2026-09-25 14:00:00+05:30
2026-09-25 14:00:00+05:30,8957,8971,8847,8932,4380,2026-09-25 15:00:00+05:30
2026-09-25 15:00:00+05:30,8932,8944,8893,8910,1777,2026-09-25 16:00:00+05:30
2026-09-25 16:00:00+05:30,8910,8944,8854,8872,2430,2026-09-25 17:00:00+05:30
2026-09-25 17:00:00+05:30,8872,8928,8853,8910,2422,2026-09-25 18:00:00+05:30
2026-09-25 18:00:00+05:30,8913,8949,8830,8946,4366,2026-09-25 19:00:00+05:30
2026-09-25 19:00:00+05:30,8946,9025,8936,9015,5151,2026-09-25 20:00:00+05:30
2026-09-25 20:00:00+05:30,9015,9050,8998,9039,4214,2026-09-25 21:00:00+05:30
2026-09-25 21:00:00+05:30,9040,9044,8782,8789,13404,2026-09-25 22:00:00+05:30
2026-09-25 22:00:00+05:30,8784,8887,8784,8838,8804,2026-09-25 23:00:00+05:30
2026-09-25 23:00:00+05:30,8838,8887,8819,8848,3093,2026-09-26 00:00:00+05:30
2026-09-28 09:00:00+05:30,8973,9066,8972,9049,3264,2026-09-28 10:00:00+05:30
2026-09-28 10:00:00+05:30,9049,9080,9042,9073,1662,2026-09-28 11:00:00+05:30
2026-09-28 11:00:00+05:30,9072,9119,9029,9055,3477,2026-09-28 12:00:00+05:30
2026-09-28 12:00:00+05:30,9055,9107,8987,9063,3541,2026-09-28 13:00:00+05:30
2026-09-28 13:00:00+05:30,9058,9155,9040,9126,3186,2026-09-28 14:00:00+05:30
2026-09-28 14:00:00+05:30,9126,9215,9108,9193,3967,2026-09-28 15:00:00+05:30
2026-09-28 15:00:00+05:30,9193,9288,9185,9277,4472,2026-09-28 16:00:00+05:30
2026-09-28 16:00:00+05:30,9274,9292,9202,9218,6667,2026-09-28 17:00:00+05:30
2026-09-28 17:00:00+05:30,9215,9252,9125,9151,8877,2026-09-28 18:00:00+05:30
2026-09-28 18:00:00+05:30,9151,9154,9046,9088,7264,2026-09-28 19:00:00+05:30
2026-09-28 19:00:00+05:30,9087,9113,9020,9061,6914,2026-09-28 20:00:00+05:30
2026-09-28 20:00:00+05:30,9061,9213,9057,9184,10036,2026-09-28 21:00:00+05:30
2026-09-28 21:00:00+05:30,9184,9207,8851,8878,13918,2026-09-28 22:00:00+05:30
2026-09-28 22:00:00+05:30,8879,8995,8763,8929,24623,2026-09-28 23:00:00+05:30
2026-09-28 23:00:00+05:30,8929,8942,8888,8930,3490,2026-09-29 00:00:00+05:30
2026-09-29 09:00:00+05:30,9040,9087,9036,9073,2533,2026-09-29 10:00:00+05:30
2026-09-29 10:00:00+05:30,9073,9093,9066,9081,942,2026-09-29 11:00:00+05:30
2026-09-29 11:00:00+05:30,9085,9125,9012,9032,3298,2026-09-29 12:00:00+05:30
2026-09-29 12:00:00+05:30,9032,9064,8991,8996,2925,2026-09-29 13:00:00+05:30
2026-09-29 13:00:00+05:30,8996,9012,8913,8949,4047,2026-09-29 14:00:00+05:30
2026-09-29 14:00:00+05:30,8949,8956,8890,8920,2659,2026-09-29 15:00:00+05:30
2026-09-29 15:00:00+05:30,8924,8932,8854,8868,3756,2026-09-29 16:00:00+05:30
2026-09-29 16:00:00+05:30,8868,8881,8807,8815,3446,2026-09-29 17:00:00+05:30
2026-09-29 17:00:00+05:30,8815,8855,8706,8719,11119,2026-09-29 18:00:00+05:30
2026-09-29 18:00:00+05:30,8717,8732,8667,8696,5469,2026-09-29 19:00:00+05:30
2026-09-29 19:00:00+05:30,8696,8795,8680,8770,7644,2026-09-29 20:00:00+05:30
2026-09-29 20:00:00+05:30,8768,8823,8752,8800,5074,2026-09-29 21:00:00+05:30
2026-09-29 21:00:00+05:30,8794,8810,8660,8684,12363,2026-09-29 22:00:00+05:30
2026-09-29 22:00:00+05:30,8684,8743,8682,8685,2943,2026-09-29 23:00:00+05:30
2026-09-29 23:00:00+05:30,8685,8703,8665,8675,2992,2026-09-30 00:00:00+05:30
2026-09-30 09:00:00+05:30,8625,8646,8585,8610,3748,2026-09-30 10:00:00+05:30
2026-09-30 10:00:00+05:30,8610,8635,8598,8628,1110,2026-09-30 11:00:00+05:30
2026-09-30 11:00:00+05:30,8628,8636,8566,8634,2983,2026-09-30 12:00:00+05:30
2026-09-30 12:00:00+05:30,8634,8661,8520,8575,6041,2026-09-30 13:00:00+05:30
2026-09-30 13:00:00+05:30,8575,8612,8546,8612,3352,2026-09-30 14:00:00+05:30
2026-09-30 14:00:00+05:30,8611,8697,8579,8671,3759,2026-09-30 15:00:00+05:30
2026-09-30 15:00:00+05:30,8673,8715,8627,8684,2950,2026-09-30 16:00:00+05:30
2026-09-30 16:00:00+05:30,8684,8722,8647,8703,2612,2026-09-30 17:00:00+05:30
2026-09-30 17:00:00+05:30,8708,8736,8672,8684,3457,2026-09-30 18:00:00+05:30
2026-09-30 18:00:00+05:30,8684,8785,8647,8785,6255,2026-09-30 19:00:00+05:30
2026-09-30 19:00:00+05:30,8780,8794,8696,8773,5096,2026-09-30 20:00:00+05:30
2026-09-30 20:00:00+05:30,8773,8830,8747,8795,7575,2026-09-30 21:00:00+05:30
2026-09-30 21:00:00+05:30,8789,8815,8760,8789,4057,2026-09-30 22:00:00+05:30
2026-09-30 22:00:00+05:30,8789,8798,8729,8744,2809,2026-09-30 23:00:00+05:30
2026-09-30 23:00:00+05:30,8744,8758,8713,8715,2502,2026-10-01 00:00:00+05:30
2026-10-01 09:00:00+05:30,8715,8715,8563,8582,3454,2026-10-01 10:00:00+05:30
2026-10-01 10:00:00+05:30,8582,8585,8533,8540,1696,2026-10-01 11:00:00+05:30
2026-10-01 11:00:00+05:30,8540,8631,8540,8605,2374,2026-10-01 12:00:00+05:30
2026-10-01 12:00:00+05:30,8605,8927,8601,8914,7407,2026-10-01 13:00:00+05:30
2026-10-01 13:00:00+05:30,8920,8922,8835,8922,5836,2026-10-01 14:00:00+05:30
2026-10-01 14:00:00+05:30,8929,8958,8881,8885,4432,2026-10-01 15:00:00+05:30
2026-10-01 15:00:00+05:30,8885,8925,8838,8845,4435,2026-10-01 16:00:00+05:30
2026-10-01 16:00:00+05:30,8845,8907,8790,8886,6099,2026-10-01 17:00:00+05:30
2026-10-01 17:00:00+05:30,8886,8895,8806,8828,6417,2026-10-01 18:00:00+05:30
2026-10-01 18:00:00+05:30,8828,8846,8732,8743,5262,2026-10-01 19:00:00+05:30
2026-10-01 19:00:00+05:30,8743,8850,8726,8841,6503,2026-10-01 20:00:00+05:30
2026-10-01 20:00:00+05:30,8841,8938,8821,8918,7940,2026-10-01 21:00:00+05:30
2026-10-01 21:00:00+05:30,8920,8968,8846,8851,8128,2026-10-01 22:00:00+05:30
2026-10-01 22:00:00+05:30,8851,8905,8830,8849,5526,2026-10-01 23:00:00+05:30
2026-10-01 23:00:00+05:30,8839,9027,8826,9008,4745,2026-10-02 00:00:00+05:30
2026-10-05 09:00:00+05:30,8665,8692,8644,8667,5148,2026-10-05 10:00:00+05:30
2026-10-05 10:00:00+05:30,8664,8720,8663,8689,3122,2026-10-05 11:00:00+05:30
2026-10-05 11:00:00+05:30,8689,8708,8634,8687,2003,2026-10-05 12:00:00+05:30
2026-10-05 12:00:00+05:30,8687,8707,8655,8661,1755,2026-10-05 13:00:00+05:30
2026-10-05 13:00:00+05:30,8661,8680,8617,8676,2451,2026-10-05 14:00:00+05:30
2026-10-05 14:00:00+05:30,8677,8795,8657,8704,6077,2026-10-05 15:00:00+05:30
2026-10-05 15:00:00+05:30,8704,8769,8704,8741,2261,2026-10-05 16:00:00+05:30
2026-10-05 16:00:00+05:30,8741,8768,8644,8656,4525,2026-10-05 17:00:00+05:30
2026-10-05 17:00:00+05:30,8657,8728,8652,8717,2924,2026-10-05 18:00:00+05:30
2026-10-05 18:00:00+05:30,8717,8727,8601,8652,6631,2026-10-05 19:00:00+05:30
2026-10-05 19:00:00+05:30,8644,8696,8600,8664,6115,2026-10-05 20:00:00+05:30
2026-10-05 20:00:00+05:30,8662,8807,8662,8747,7196,2026-10-05 21:00:00+05:30
2026-10-05 21:00:00+05:30,8747,8759,8675,8689,4761,2026-10-05 22:00:00+05:30
2026-10-05 22:00:00+05:30,8689,8718,8680,8683,1983,2026-10-05 23:00:00+05:30
2026-10-05 23:00:00+05:30,8683,8689,8654,8681,1935,2026-10-06 00:00:00+05:30
2026-10-06 09:00:00+05:30,8655,8679,8633,8646,1274,2026-10-06 10:00:00+05:30
2026-10-06 10:00:00+05:30,8646,8694,8644,8668,1037,2026-10-06 11:00:00+05:30
2026-10-06 11:00:00+05:30,8668,8674,8561,8590,2866,2026-10-06 12:00:00+05:30
2026-10-06 12:00:00+05:30,8590,8591,8528,8554,2640,2026-10-06 13:00:00+05:30
2026-10-06 13:00:00+05:30,8554,8598,8525,8552,2813,2026-10-06 14:00:00+05:30
2026-10-06 14:00:00+05:30,8549,8557,8459,8478,4960,2026-10-06 15:00:00+05:30
2026-10-06 15:00:00+05:30,8478,8493,8410,8478,5195,2026-10-06 16:00:00+05:30
2026-10-06 16:00:00+05:30,8474,8487,8423,8457,2737,2026-10-06 17:00:00+05:30
2026-10-06 17:00:00+05:30,8457,8465,8391,8410,6253,2026-10-06 18:00:00+05:30
